iso_code,continent,location,date,total_cases,new_cases,new_cases_smoothed,total_deaths,new_deaths,new_deaths_smoothed,total_cases_per_million,new_cases_per_million,new_cases_smoothed_per_million,total_deaths_per_million,new_deaths_per_million,new_deaths_smoothed_per_million,icu_patients,icu_patients_per_million,hosp_patients,hosp_patients_per_million,weekly_icu_admissions,weekly_icu_admissions_per_million,weekly_hosp_admissions,weekly_hosp_admissions_per_million,total_tests,new_tests,total_tests_per_thousand,new_tests_per_thousand,new_tests_smoothed,new_tests_smoothed_per_thousand,tests_per_case,positive_rate,tests_units,stringency_index,population,population_density,median_age,aged_65_older,aged_70_older,gdp_per_capita,extreme_poverty,cardiovasc_death_rate,diabetes_prevalence,female_smokers,male_smokers,handwashing_facilities,hospital_beds_per_thousand,life_expectancy,human_development_index
HUN,Europe,Hungary,2020-03-04,,,,,,,,,,,,,,,,,,,,,230.0,,0.024,,,,,,tests performed,11.11,9660350.0,108.043,43.4,18.577,11.976,26777.561,0.5,278.296,7.55,26.8,34.8,,7.02,76.88,0.838
HUN,Europe,Hungary,2020-03-05,2.0,2.0,,,0.0,,0.207,0.207,,,0.0,,,,,,,,,,,,,,,,,,tests performed,11.11,9660350.0,108.043,43.4,18.577,11.976,26777.561,0.5,278.296,7.55,26.8,34.8,,7.02,76.88,0.838
HUN,Europe,Hungary,2020-03-06,,,,,,,,,,,,,,,,,,,,,269.0,,0.028,,,,,,tests performed,11.11,9660350.0,108.043,43.4,18.577,11.976,26777.561,0.5,278.296,7.55,26.8,34.8,,7.02,76.88,0.838
HUN,Europe,Hungary,2020-03-07,4.0,2.0,,,0.0,,0.414,0.207,,,0.0,,,,,,,,,,319.0,50.0,0.033,0.005,,,,,tests performed,11.11,9660350.0,108.043,43.4,18.577,11.976,26777.561,0.5,278.296,7.55,26.8,34.8,,7.02,76.88,0.838
HUN,Europe,Hungary,2020-03-08,7.0,3.0,,,0.0,,0.725,0.311,,,0.0,,,,,,,,,,362.0,43.0,0.037,0.004,,,,,tests performed,11.11,9660350.0,108.043,43.4,18.577,11.976,26777.561,0.5,278.296,7.55,26.8,34.8,,7.02,76.88,0.838
HUN,Europe,Hungary,2020-03-09,8.0,1.0,,,0.0,,0.828,0.104,,,0.0,,,,,,,,,,,,,,,,,,tests performed,19.44,9660350.0,108.043,43.4,18.577,11.976,26777.561,0.5,278.296,7.55,26.8,34.8,,7.02,76.88,0.838
HUN,Europe,Hungary,2020-03-10,9.0,1.0,,,0.0,,0.932,0.104,,,0.0,,,,,,,,,,531.0,,0.055,,,,,,tests performed,19.44,9660350.0,108.043,43.4,18.577,11.976,26777.561,0.5,278.296,7.55,26.8,34.8,,7.02,76.88,0.838
HUN,Europe,Hungary,2020-03-11,12.0,3.0,1.714,,0.0,0.0,1.242,0.311,0.177,,0.0,0.0,,,,,,,,,609.0,78.0,0.063,0.008,54.0,0.006,,,tests performed,50.0,9660350.0,108.043,43.4,18.577,11.976,26777.561,0.5,278.296,7.55,26.8,34.8,,7.02,76.88,0.838
HUN,Europe,Hungary,2020-03-12,13.0,1.0,1.571,,0.0,0.0,1.346,0.104,0.163,,0.0,0.0,,,,,,,,,730.0,121.0,0.076,0.013,69.0,0.007,43.909,0.023,tests performed,53.7,9660350.0,108.043,43.4,18.577,11.976,26777.561,0.5,278.296,7.55,26.8,34.8,,7.02,76.88,0.838
HUN,Europe,Hungary,2020-03-13,16.0,3.0,2.0,,0.0,0.0,1.656,0.311,0.207,,0.0,0.0,,,,,,,,,858.0,128.0,0.089,0.013,84.0,0.009,42.0,0.024,tests performed,53.7,9660350.0,108.043,43.4,18.577,11.976,26777.561,0.5,278.296,7.55,26.8,34.8,,7.02,76.88,0.838
HUN,Europe,Hungary,2020-03-14,25.0,9.0,3.0,,0.0,0.0,2.588,0.932,0.311,,0.0,0.0,,,,,,,,,1014.0,156.0,0.105,0.016,99.0,0.01,33.0,0.03,tests performed,53.7,9660350.0,108.043,43.4,18.577,11.976,26777.561,0.5,278.296,7.55,26.8,34.8,,7.02,76.88,0.838
HUN,Europe,Hungary,2020-03-15,31.0,6.0,3.429,,0.0,0.0,3.209,0.621,0.355,,0.0,0.0,,,,,,,,,1236.0,222.0,0.128,0.023,125.0,0.013,36.458,0.027000000000000003,tests performed,53.7,9660350.0,108.043,43.4,18.577,11.976,26777.561,0.5,278.296,7.55,26.8,34.8,,7.02,76.88,0.838
HUN,Europe,Hungary,2020-03-16,39.0,8.0,4.429,1.0,1.0,0.143,4.037,0.828,0.458,0.104,0.104,0.015,,,,,,,,,1470.0,234.0,0.152,0.024,146.0,0.015,32.968,0.03,tests performed,67.59,9660350.0,108.043,43.4,18.577,11.976,26777.561,0.5,278.296,7.55,26.8,34.8,,7.02,76.88,0.838
HUN,Europe,Hungary,2020-03-17,50.0,11.0,5.857,1.0,0.0,0.143,5.176,1.139,0.606,0.104,0.0,0.015,,,,,,,,,1587.0,117.0,0.164,0.012,151.0,0.016,25.78,0.039,tests performed,67.59,9660350.0,108.043,43.4,18.577,11.976,26777.561,0.5,278.296,7.55,26.8,34.8,,7.02,76.88,0.838
HUN,Europe,Hungary,2020-03-18,50.0,0.0,5.429,1.0,0.0,0.143,5.176,0.0,0.562,0.104,0.0,0.015,,,,,,,,,1803.0,216.0,0.187,0.022,171.0,0.018,31.5,0.032,tests performed,67.59,9660350.0,108.043,43.4,18.577,11.976,26777.561,0.5,278.296,7.55,26.8,34.8,,7.02,76.88,0.838
HUN,Europe,Hungary,2020-03-19,73.0,23.0,8.571,1.0,0.0,0.143,7.557,2.381,0.887,0.104,0.0,0.015,,,,,,,,,2322.0,519.0,0.24,0.054,227.0,0.023,26.483,0.038,tests performed,67.59,9660350.0,108.043,43.4,18.577,11.976,26777.561,0.5,278.296,7.55,26.8,34.8,,7.02,76.88,0.838
HUN,Europe,Hungary,2020-03-20,85.0,12.0,9.857,1.0,0.0,0.143,8.799,1.242,1.02,0.104,0.0,0.015,,,,,,,,,3007.0,685.0,0.311,0.071,307.0,0.032,31.145,0.032,tests performed,67.59,9660350.0,108.043,43.4,18.577,11.976,26777.561,0.5,278.296,7.55,26.8,34.8,,7.02,76.88,0.838
HUN,Europe,Hungary,2020-03-21,103.0,18.0,11.143,4.0,3.0,0.571,10.662,1.863,1.153,0.414,0.311,0.059,,,,,,,,,3477.0,470.0,0.36,0.049,352.0,0.036,31.59,0.032,tests performed,67.59,9660350.0,108.043,43.4,18.577,11.976,26777.561,0.5,278.296,7.55,26.8,34.8,,7.02,76.88,0.838
HUN,Europe,Hungary,2020-03-22,131.0,28.0,14.286,4.0,0.0,0.571,13.561,2.898,1.479,0.414,0.0,0.059,,,,,,,,,4443.0,966.0,0.46,0.1,458.0,0.047,32.06,0.031,tests performed,67.59,9660350.0,108.043,43.4,18.577,11.976,26777.561,0.5,278.296,7.55,26.8,34.8,,7.02,76.88,0.838
HUN,Europe,Hungary,2020-03-23,167.0,36.0,18.286,7.0,3.0,0.857,17.287,3.727,1.893,0.725,0.311,0.089,,,,,,,,,5515.0,1072.0,0.571,0.111,578.0,0.06,31.609,0.032,tests performed,67.59,9660350.0,108.043,43.4,18.577,11.976,26777.561,0.5,278.296,7.55,26.8,34.8,,7.02,76.88,0.838
HUN,Europe,Hungary,2020-03-24,187.0,20.0,19.571,8.0,1.0,1.0,19.357,2.07,2.026,0.828,0.104,0.104,,,,,,,,,6113.0,598.0,0.633,0.062,647.0,0.067,33.058,0.03,tests performed,67.59,9660350.0,108.043,43.4,18.577,11.976,26777.561,0.5,278.296,7.55,26.8,34.8,,7.02,76.88,0.838
HUN,Europe,Hungary,2020-03-25,226.0,39.0,25.143,10.0,2.0,1.286,23.395,4.037,2.603,1.035,0.207,0.133,,,,,,,,,6817.0,704.0,0.706,0.073,716.0,0.074,28.476999999999997,0.035,tests performed,67.59,9660350.0,108.043,43.4,18.577,11.976,26777.561,0.5,278.296,7.55,26.8,34.8,,7.02,76.88,0.838
HUN,Europe,Hungary,2020-03-26,261.0,35.0,26.857,10.0,0.0,1.286,27.018,3.623,2.78,1.035,0.0,0.133,,,,,,,,,8005.0,1188.0,0.829,0.123,812.0,0.084,30.234,0.033,tests performed,67.59,9660350.0,108.043,43.4,18.577,11.976,26777.561,0.5,278.296,7.55,26.8,34.8,,7.02,76.88,0.838
HUN,Europe,Hungary,2020-03-27,300.0,39.0,30.714,10.0,0.0,1.286,31.055,4.037,3.179,1.035,0.0,0.133,,,,,,,,,9275.0,1270.0,0.96,0.131,895.0,0.093,29.14,0.034,tests performed,71.3,9660350.0,108.043,43.4,18.577,11.976,26777.561,0.5,278.296,7.55,26.8,34.8,,7.02,76.88,0.838
HUN,Europe,Hungary,2020-03-28,343.0,43.0,34.286,11.0,1.0,1.0,35.506,4.451,3.549,1.139,0.104,0.104,,,,,,,,,10303.0,1028.0,1.067,0.106,975.0,0.101,28.438000000000002,0.035,tests performed,76.85,9660350.0,108.043,43.4,18.577,11.976,26777.561,0.5,278.296,7.55,26.8,34.8,,7.02,76.88,0.838
HUN,Europe,Hungary,2020-03-29,408.0,65.0,39.571,13.0,2.0,1.286,42.234,6.729,4.096,1.346,0.207,0.133,,,,,,,,,12148.0,1845.0,1.258,0.191,1101.0,0.114,27.823,0.036000000000000004,tests performed,76.85,9660350.0,108.043,43.4,18.577,11.976,26777.561,0.5,278.296,7.55,26.8,34.8,,7.02,76.88,0.838
HUN,Europe,Hungary,2020-03-30,447.0,39.0,40.0,15.0,2.0,1.143,46.272,4.037,4.141,1.553,0.207,0.118,,,,,,,,,13301.0,1153.0,1.377,0.119,1112.0,0.115,27.8,0.036000000000000004,tests performed,76.85,9660350.0,108.043,43.4,18.577,11.976,26777.561,0.5,278.296,7.55,26.8,34.8,,7.02,76.88,0.838
HUN,Europe,Hungary,2020-03-31,492.0,45.0,43.571,16.0,1.0,1.143,50.93,4.658,4.51,1.656,0.104,0.118,,,,,,,,,14146.0,845.0,1.464,0.087,1148.0,0.119,26.348000000000003,0.038,tests performed,76.85,9660350.0,108.043,43.4,18.577,11.976,26777.561,0.5,278.296,7.55,26.8,34.8,,7.02,76.88,0.838
HUN,Europe,Hungary,2020-04-01,525.0,33.0,42.714,20.0,4.0,1.429,54.346,3.416,4.422,2.07,0.414,0.148,,,,,,,,,15208.0,1062.0,1.574,0.11,1199.0,0.124,28.07,0.036000000000000004,tests performed,76.85,9660350.0,108.043,43.4,18.577,11.976,26777.561,0.5,278.296,7.55,26.8,34.8,,7.02,76.88,0.838
HUN,Europe,Hungary,2020-04-02,585.0,60.0,46.286,21.0,1.0,1.571,60.557,6.211,4.791,2.174,0.104,0.163,,,,,,,,,16401.0,1193.0,1.698,0.123,1199.0,0.124,25.904,0.039,tests performed,76.85,9660350.0,108.043,43.4,18.577,11.976,26777.561,0.5,278.296,7.55,26.8,34.8,,7.02,76.88,0.838
HUN,Europe,Hungary,2020-04-03,623.0,38.0,46.143,26.0,5.0,2.286,64.49,3.934,4.777,2.691,0.518,0.237,,,,,,,,,17769.0,1368.0,1.839,0.142,1213.0,0.126,26.288,0.038,tests performed,76.85,9660350.0,108.043,43.4,18.577,11.976,26777.561,0.5,278.296,7.55,26.8,34.8,,7.02,76.88,0.838
HUN,Europe,Hungary,2020-04-04,678.0,55.0,47.857,32.0,6.0,3.0,70.184,5.693,4.954,3.313,0.621,0.311,,,,,,,,,19424.0,1655.0,2.011,0.171,1303.0,0.135,27.226999999999997,0.037000000000000005,tests performed,76.85,9660350.0,108.043,43.4,18.577,11.976,26777.561,0.5,278.296,7.55,26.8,34.8,,7.02,76.88,0.838
HUN,Europe,Hungary,2020-04-05,733.0,55.0,46.429,34.0,2.0,3.0,75.877,5.693,4.806,3.52,0.207,0.311,,,,,,,,,21250.0,1826.0,2.2,0.189,1300.0,0.135,28.0,0.036000000000000004,tests performed,76.85,9660350.0,108.043,43.4,18.577,11.976,26777.561,0.5,278.296,7.55,26.8,34.8,,7.02,76.88,0.838
HUN,Europe,Hungary,2020-04-06,744.0,11.0,42.429,38.0,4.0,3.286,77.016,1.139,4.392,3.934,0.414,0.34,,,,,,,,,22282.0,1032.0,2.307,0.107,1283.0,0.133,30.239,0.033,tests performed,76.85,9660350.0,108.043,43.4,18.577,11.976,26777.561,0.5,278.296,7.55,26.8,34.8,,7.02,76.88,0.838
HUN,Europe,Hungary,2020-04-07,817.0,73.0,46.429,47.0,9.0,4.429,84.573,7.557,4.806,4.865,0.932,0.458,,,,,,,,,23746.0,1464.0,2.458,0.152,1371.0,0.142,29.529,0.034,tests performed,76.85,9660350.0,108.043,43.4,18.577,11.976,26777.561,0.5,278.296,7.55,26.8,34.8,,7.02,76.88,0.838
HUN,Europe,Hungary,2020-04-08,895.0,78.0,52.857,58.0,11.0,5.429,92.647,8.074,5.472,6.004,1.139,0.562,,,,,,,,,25748.0,2002.0,2.665,0.207,1506.0,0.156,28.491999999999997,0.035,tests performed,76.85,9660350.0,108.043,43.4,18.577,11.976,26777.561,0.5,278.296,7.55,26.8,34.8,,7.02,76.88,0.838
HUN,Europe,Hungary,2020-04-09,980.0,85.0,56.429,66.0,8.0,6.429,101.446,8.799,5.841,6.832,0.828,0.665,,,,,,,,,27826.0,2078.0,2.88,0.215,1632.0,0.169,28.921999999999997,0.035,tests performed,76.85,9660350.0,108.043,43.4,18.577,11.976,26777.561,0.5,278.296,7.55,26.8,34.8,,7.02,76.88,0.838
HUN,Europe,Hungary,2020-04-10,1190.0,210.0,81.0,77.0,11.0,7.286,123.184,21.738,8.385,7.971,1.139,0.754,,,,,,,,,29948.0,2122.0,3.1,0.22,1740.0,0.18,21.480999999999998,0.047,tests performed,76.85,9660350.0,108.043,43.4,18.577,11.976,26777.561,0.5,278.296,7.55,26.8,34.8,,7.02,76.88,0.838
HUN,Europe,Hungary,2020-04-11,1310.0,120.0,90.286,85.0,8.0,7.571,135.606,12.422,9.346,8.799,0.828,0.784,,,,,,,,,31961.0,2013.0,3.308,0.208,1791.0,0.185,19.837,0.05,tests performed,76.85,9660350.0,108.043,43.4,18.577,11.976,26777.561,0.5,278.296,7.55,26.8,34.8,,7.02,76.88,0.838
HUN,Europe,Hungary,2020-04-12,1410.0,100.0,96.714,99.0,14.0,9.286,145.957,10.352,10.011,10.248,1.449,0.961,,,,,,,,,33532.0,1571.0,3.471,0.163,1755.0,0.182,18.146,0.055,tests performed,76.85,9660350.0,108.043,43.4,18.577,11.976,26777.561,0.5,278.296,7.55,26.8,34.8,,7.02,76.88,0.838
HUN,Europe,Hungary,2020-04-13,1458.0,48.0,102.0,109.0,10.0,10.143,150.926,4.969,10.559,11.283,1.035,1.05,,,,,,,,,34819.0,1287.0,3.604,0.133,1791.0,0.185,17.559,0.057,tests performed,76.85,9660350.0,108.043,43.4,18.577,11.976,26777.561,0.5,278.296,7.55,26.8,34.8,,7.02,76.88,0.838
HUN,Europe,Hungary,2020-04-14,1512.0,54.0,99.286,122.0,13.0,10.714,156.516,5.59,10.278,12.629,1.346,1.109,,,,,,,,,35825.0,1006.0,3.708,0.104,1726.0,0.179,17.384,0.057999999999999996,tests performed,76.85,9660350.0,108.043,43.4,18.577,11.976,26777.561,0.5,278.296,7.55,26.8,34.8,,7.02,76.88,0.838
HUN,Europe,Hungary,2020-04-15,1579.0,67.0,97.714,134.0,12.0,10.857,163.452,6.936,10.115,13.871,1.242,1.124,,,,,,,,,37326.0,1501.0,3.864,0.155,1654.0,0.171,16.927,0.059000000000000004,tests performed,76.85,9660350.0,108.043,43.4,18.577,11.976,26777.561,0.5,278.296,7.55,26.8,34.8,,7.02,76.88,0.838
HUN,Europe,Hungary,2020-04-16,1652.0,73.0,96.0,142.0,8.0,10.857,171.008,7.557,9.938,14.699,0.828,1.124,,,,,,,,,38489.0,1163.0,3.984,0.12,1523.0,0.158,15.865,0.063,tests performed,76.85,9660350.0,108.043,43.4,18.577,11.976,26777.561,0.5,278.296,7.55,26.8,34.8,,7.02,76.88,0.838
HUN,Europe,Hungary,2020-04-17,1763.0,111.0,81.857,156.0,14.0,11.286,182.499,11.49,8.474,16.148,1.449,1.168,,,,,,,,,41590.0,3101.0,4.305,0.321,1663.0,0.172,20.316,0.049,tests performed,76.85,9660350.0,108.043,43.4,18.577,11.976,26777.561,0.5,278.296,7.55,26.8,34.8,,7.02,76.88,0.838
HUN,Europe,Hungary,2020-04-18,1834.0,71.0,74.857,172.0,16.0,12.429,189.848,7.35,7.749,17.805,1.656,1.287,,,,,,,,,43901.0,2311.0,4.544,0.239,1706.0,0.177,22.79,0.044000000000000004,tests performed,76.85,9660350.0,108.043,43.4,18.577,11.976,26777.561,0.5,278.296,7.55,26.8,34.8,,7.02,76.88,0.838
HUN,Europe,Hungary,2020-04-19,1916.0,82.0,72.286,189.0,17.0,12.857,198.336,8.488,7.483,19.565,1.76,1.331,,,,,,,,,46353.0,2452.0,4.798,0.254,1832.0,0.19,25.344,0.039,tests performed,76.85,9660350.0,108.043,43.4,18.577,11.976,26777.561,0.5,278.296,7.55,26.8,34.8,,7.02,76.88,0.838
HUN,Europe,Hungary,2020-04-20,1984.0,68.0,75.143,199.0,10.0,12.857,205.376,7.039,7.778,20.6,1.035,1.331,,,,,,,,,48057.0,1704.0,4.975,0.176,1891.0,0.196,25.165,0.04,tests performed,76.85,9660350.0,108.043,43.4,18.577,11.976,26777.561,0.5,278.296,7.55,26.8,34.8,,7.02,76.88,0.838
HUN,Europe,Hungary,2020-04-21,2098.0,114.0,83.714,213.0,14.0,13.0,217.176,11.801,8.666,22.049,1.449,1.346,,,,,,,,,50052.0,1995.0,5.181,0.207,2032.0,0.21,24.273000000000003,0.040999999999999995,tests performed,76.85,9660350.0,108.043,43.4,18.577,11.976,26777.561,0.5,278.296,7.55,26.8,34.8,,7.02,76.88,0.838
HUN,Europe,Hungary,2020-04-22,2168.0,70.0,84.143,225.0,12.0,13.0,224.423,7.246,8.71,23.291,1.242,1.346,,,,,,,,,52702.0,2650.0,5.455,0.274,2197.0,0.227,26.11,0.038,tests performed,76.85,9660350.0,108.043,43.4,18.577,11.976,26777.561,0.5,278.296,7.55,26.8,34.8,,7.02,76.88,0.838
HUN,Europe,Hungary,2020-04-23,2284.0,116.0,90.286,225.0,0.0,11.857,236.43,12.008,9.346,23.291,0.0,1.227,,,,,,,,,55390.0,2688.0,5.734,0.278,2414.0,0.25,26.737,0.037000000000000005,tests performed,76.85,9660350.0,108.043,43.4,18.577,11.976,26777.561,0.5,278.296,7.55,26.8,34.8,,7.02,76.88,0.838
HUN,Europe,Hungary,2020-04-24,2383.0,99.0,88.571,250.0,25.0,13.429,246.678,10.248,9.169,25.879,2.588,1.39,,,,,,,,,58251.0,2861.0,6.03,0.296,2380.0,0.246,26.871,0.037000000000000005,tests performed,76.85,9660350.0,108.043,43.4,18.577,11.976,26777.561,0.5,278.296,7.55,26.8,34.8,,7.02,76.88,0.838
HUN,Europe,Hungary,2020-04-25,2443.0,60.0,87.0,262.0,12.0,12.857,252.889,6.211,9.006,27.121,1.242,1.331,,,,,,,,,60801.0,2550.0,6.294,0.264,2414.0,0.25,27.747,0.036000000000000004,tests performed,76.85,9660350.0,108.043,43.4,18.577,11.976,26777.561,0.5,278.296,7.55,26.8,34.8,,7.02,76.88,0.838
HUN,Europe,Hungary,2020-04-26,2500.0,57.0,83.429,272.0,10.0,11.857,258.79,5.9,8.636,28.156,1.035,1.227,,,,,,,,,63505.0,2704.0,6.574,0.28,2450.0,0.254,29.366,0.034,tests performed,76.85,9660350.0,108.043,43.4,18.577,11.976,26777.561,0.5,278.296,7.55,26.8,34.8,,7.02,76.88,0.838
HUN,Europe,Hungary,2020-04-27,2583.0,83.0,85.571,280.0,8.0,11.571,267.382,8.592,8.858,28.984,0.828,1.198,,,,,,,,,65625.0,2120.0,6.793,0.219,2510.0,0.26,29.331999999999997,0.034,tests performed,76.85,9660350.0,108.043,43.4,18.577,11.976,26777.561,0.5,278.296,7.55,26.8,34.8,,7.02,76.88,0.838
HUN,Europe,Hungary,2020-04-28,2649.0,66.0,78.714,291.0,11.0,11.143,274.214,6.832,8.148,30.123,1.139,1.153,,,,,,,,,67172.0,1547.0,6.953,0.16,2446.0,0.253,31.074,0.032,tests performed,76.85,9660350.0,108.043,43.4,18.577,11.976,26777.561,0.5,278.296,7.55,26.8,34.8,,7.02,76.88,0.838
HUN,Europe,Hungary,2020-04-29,2727.0,78.0,79.857,300.0,9.0,10.714,282.288,8.074,8.266,31.055,0.932,1.109,,,,,,,,,70300.0,3128.0,7.277,0.324,2514.0,0.26,31.480999999999998,0.032,tests performed,76.85,9660350.0,108.043,43.4,18.577,11.976,26777.561,0.5,278.296,7.55,26.8,34.8,,7.02,76.88,0.838
HUN,Europe,Hungary,2020-04-30,2775.0,48.0,70.143,312.0,12.0,12.429,287.257,4.969,7.261,32.297,1.242,1.287,,,,,,,,,72951.0,2651.0,7.552,0.274,2509.0,0.26,35.77,0.027999999999999997,tests performed,76.85,9660350.0,108.043,43.4,18.577,11.976,26777.561,0.5,278.296,7.55,26.8,34.8,,7.02,76.88,0.838
HUN,Europe,Hungary,2020-05-01,2863.0,88.0,68.571,323.0,11.0,10.429,296.366,9.109,7.098,33.436,1.139,1.08,,,,,,,,,76331.0,3380.0,7.901,0.35,2583.0,0.267,37.669000000000004,0.027000000000000003,tests performed,76.85,9660350.0,108.043,43.4,18.577,11.976,26777.561,0.5,278.296,7.55,26.8,34.8,,7.02,76.88,0.838
HUN,Europe,Hungary,2020-05-02,2942.0,79.0,71.286,335.0,12.0,10.429,304.544,8.178,7.379,34.678,1.242,1.08,,,,,,,,,79551.0,3220.0,8.235,0.333,2679.0,0.277,37.580999999999996,0.027000000000000003,tests performed,76.85,9660350.0,108.043,43.4,18.577,11.976,26777.561,0.5,278.296,7.55,26.8,34.8,,7.02,76.88,0.838
HUN,Europe,Hungary,2020-05-03,2998.0,56.0,71.143,340.0,5.0,9.714,310.341,5.797,7.364,35.195,0.518,1.006,,,,,,,,,82010.0,2459.0,8.489,0.255,2644.0,0.274,37.165,0.027000000000000003,tests performed,76.85,9660350.0,108.043,43.4,18.577,11.976,26777.561,0.5,278.296,7.55,26.8,34.8,,7.02,76.88,0.838
HUN,Europe,Hungary,2020-05-04,3035.0,37.0,64.571,351.0,11.0,10.143,314.171,3.83,6.684,36.334,1.139,1.05,,,,,,,,,83958.0,1948.0,8.691,0.202,2619.0,0.271,40.56,0.025,tests performed,62.96,9660350.0,108.043,43.4,18.577,11.976,26777.561,0.5,278.296,7.55,26.8,34.8,,7.02,76.88,0.838
HUN,Europe,Hungary,2020-05-05,3065.0,30.0,59.429,363.0,12.0,10.286,317.276,3.105,6.152,37.576,1.242,1.065,,,,,,,,,85557.0,1599.0,8.857,0.166,2626.0,0.272,44.188,0.023,tests performed,62.96,9660350.0,108.043,43.4,18.577,11.976,26777.561,0.5,278.296,7.55,26.8,34.8,,7.02,76.88,0.838
HUN,Europe,Hungary,2020-05-06,3111.0,46.0,54.857,373.0,10.0,10.429,322.038,4.762,5.679,38.611,1.035,1.08,,,,,,,,,88735.0,3178.0,9.185,0.329,2634.0,0.273,48.016000000000005,0.021,tests performed,62.96,9660350.0,108.043,43.4,18.577,11.976,26777.561,0.5,278.296,7.55,26.8,34.8,,7.02,76.88,0.838
HUN,Europe,Hungary,2020-05-07,3150.0,39.0,53.571,383.0,10.0,10.143,326.075,4.037,5.545,39.647,1.035,1.05,,,,,,,,,94036.0,5301.0,9.734,0.549,3012.0,0.312,56.224,0.018000000000000002,tests performed,62.96,9660350.0,108.043,43.4,18.577,11.976,26777.561,0.5,278.296,7.55,26.8,34.8,,7.02,76.88,0.838
HUN,Europe,Hungary,2020-05-08,3178.0,28.0,45.0,392.0,9.0,9.857,328.974,2.898,4.658,40.578,0.932,1.02,,,,,,,,,99058.0,5022.0,10.254,0.52,3247.0,0.336,72.156,0.013999999999999999,tests performed,62.96,9660350.0,108.043,43.4,18.577,11.976,26777.561,0.5,278.296,7.55,26.8,34.8,,7.02,76.88,0.838
HUN,Europe,Hungary,2020-05-09,3213.0,35.0,38.714,405.0,13.0,10.0,332.597,3.623,4.008,41.924,1.346,1.035,,,,,,,,,103258.0,4200.0,10.689,0.435,3387.0,0.351,87.48700000000001,0.011000000000000001,tests performed,62.96,9660350.0,108.043,43.4,18.577,11.976,26777.561,0.5,278.296,7.55,26.8,34.8,,7.02,76.88,0.838
HUN,Europe,Hungary,2020-05-10,3263.0,50.0,37.857,413.0,8.0,10.429,337.772,5.176,3.919,42.752,0.828,1.08,,,,,,,,,108257.0,4999.0,11.206,0.517,3750.0,0.388,99.057,0.01,tests performed,62.96,9660350.0,108.043,43.4,18.577,11.976,26777.561,0.5,278.296,7.55,26.8,34.8,,7.02,76.88,0.838
HUN,Europe,Hungary,2020-05-11,3284.0,21.0,35.571,421.0,8.0,10.0,339.946,2.174,3.682,43.58,0.828,1.035,,,,,,,,,112165.0,3908.0,11.611,0.405,4030.0,0.417,113.29299999999999,0.009000000000000001,tests performed,62.96,9660350.0,108.043,43.4,18.577,11.976,26777.561,0.5,278.296,7.55,26.8,34.8,,7.02,76.88,0.838
HUN,Europe,Hungary,2020-05-12,3313.0,29.0,35.429,425.0,4.0,8.857,342.948,3.002,3.667,43.994,0.414,0.917,,,,,,,,,114719.0,2554.0,11.875,0.264,4166.0,0.431,117.589,0.009000000000000001,tests performed,62.96,9660350.0,108.043,43.4,18.577,11.976,26777.561,0.5,278.296,7.55,26.8,34.8,,7.02,76.88,0.838
HUN,Europe,Hungary,2020-05-13,3341.0,28.0,32.857,430.0,5.0,8.143,345.847,2.898,3.401,44.512,0.518,0.843,45.0,4.658,688.0,71.219,,,,,118500.0,3781.0,12.267,0.391,4252.0,0.44,129.409,0.008,tests performed,62.96,9660350.0,108.043,43.4,18.577,11.976,26777.561,0.5,278.296,7.55,26.8,34.8,,7.02,76.88,0.838
HUN,Europe,Hungary,2020-05-14,3380.0,39.0,32.857,436.0,6.0,7.571,349.884,4.037,3.401,45.133,0.621,0.784,49.0,5.072,658.0,68.113,,,,,123258.0,4758.0,12.759,0.493,4175.0,0.432,127.065,0.008,tests performed,62.96,9660350.0,108.043,43.4,18.577,11.976,26777.561,0.5,278.296,7.55,26.8,34.8,,7.02,76.88,0.838
HUN,Europe,Hungary,2020-05-15,3417.0,37.0,34.143,442.0,6.0,7.143,353.714,3.83,3.534,45.754,0.621,0.739,46.0,4.762,614.0,63.559,,,,,127237.0,3979.0,13.171,0.412,4026.0,0.417,117.916,0.008,tests performed,62.96,9660350.0,108.043,43.4,18.577,11.976,26777.561,0.5,278.296,7.55,26.8,34.8,,7.02,76.88,0.838
HUN,Europe,Hungary,2020-05-16,3473.0,56.0,37.143,448.0,6.0,6.143,359.511,5.797,3.845,46.375,0.621,0.636,45.0,4.658,570.0,59.004,,,,,131429.0,4192.0,13.605,0.434,4024.0,0.417,108.338,0.009000000000000001,tests performed,62.96,9660350.0,108.043,43.4,18.577,11.976,26777.561,0.5,278.296,7.55,26.8,34.8,,7.02,76.88,0.838
HUN,Europe,Hungary,2020-05-17,3509.0,36.0,35.143,451.0,3.0,5.429,363.237,3.727,3.638,46.686,0.311,0.562,47.0,4.865,562.0,58.176,,,,,135137.0,3708.0,13.989,0.384,3840.0,0.398,109.26799999999999,0.009000000000000001,tests performed,62.96,9660350.0,108.043,43.4,18.577,11.976,26777.561,0.5,278.296,7.55,26.8,34.8,,7.02,76.88,0.838
HUN,Europe,Hungary,2020-05-18,3535.0,26.0,35.857,462.0,11.0,5.857,365.929,2.691,3.712,47.824,1.139,0.606,47.0,4.865,568.0,58.797,,,,,137243.0,2106.0,14.207,0.218,3583.0,0.371,99.92399999999999,0.01,tests performed,62.96,9660350.0,108.043,43.4,18.577,11.976,26777.561,0.5,278.296,7.55,26.8,34.8,,7.02,76.88,0.838
HUN,Europe,Hungary,2020-05-19,3556.0,21.0,34.714,467.0,5.0,6.0,368.103,2.174,3.593,48.342,0.518,0.621,,,,,,,,,138697.0,1454.0,14.357,0.151,3425.0,0.355,98.663,0.01,tests performed,62.96,9660350.0,108.043,43.4,18.577,11.976,26777.561,0.5,278.296,7.55,26.8,34.8,,7.02,76.88,0.838
HUN,Europe,Hungary,2020-05-20,3598.0,42.0,36.714,470.0,3.0,5.714,372.45,4.348,3.801,48.652,0.311,0.592,29.0,3.002,539.0,55.795,,,,,142729.0,4032.0,14.775,0.417,3461.0,0.358,94.26799999999999,0.011000000000000001,tests performed,62.96,9660350.0,108.043,43.4,18.577,11.976,26777.561,0.5,278.296,7.55,26.8,34.8,,7.02,76.88,0.838
HUN,Europe,Hungary,2020-05-21,3641.0,43.0,37.286,473.0,3.0,5.286,376.901,4.451,3.86,48.963,0.311,0.547,27.0,2.795,510.0,52.793,,,,,147511.0,4782.0,15.27,0.495,3465.0,0.359,92.931,0.011000000000000001,tests performed,62.96,9660350.0,108.043,43.4,18.577,11.976,26777.561,0.5,278.296,7.55,26.8,34.8,,7.02,76.88,0.838
HUN,Europe,Hungary,2020-05-22,3678.0,37.0,37.286,476.0,3.0,4.857,380.732,3.83,3.86,49.274,0.311,0.503,23.0,2.381,483.0,49.998000000000005,,,,,155801.0,8290.0,16.128,0.858,4081.0,0.422,109.45200000000001,0.009000000000000001,tests performed,62.96,9660350.0,108.043,43.4,18.577,11.976,26777.561,0.5,278.296,7.55,26.8,34.8,,7.02,76.88,0.838
HUN,Europe,Hungary,2020-05-23,3713.0,35.0,34.286,482.0,6.0,4.857,384.355,3.623,3.549,49.895,0.621,0.503,21.0,2.174,462.0,47.824,,,,,159260.0,3459.0,16.486,0.358,3976.0,0.412,115.96700000000001,0.009000000000000001,tests performed,62.96,9660350.0,108.043,43.4,18.577,11.976,26777.561,0.5,278.296,7.55,26.8,34.8,,7.02,76.88,0.838
HUN,Europe,Hungary,2020-05-24,3741.0,28.0,33.143,486.0,4.0,5.0,387.253,2.898,3.431,50.309,0.414,0.518,28.0,2.898,442.0,45.754,,,,,162925.0,3665.0,16.865,0.379,3970.0,0.411,119.78399999999999,0.008,tests performed,62.96,9660350.0,108.043,43.4,18.577,11.976,26777.561,0.5,278.296,7.55,26.8,34.8,,7.02,76.88,0.838
HUN,Europe,Hungary,2020-05-25,3756.0,15.0,31.571,491.0,5.0,4.143,388.806,1.553,3.268,50.826,0.518,0.429,30.0,3.105,,,,,,,164619.0,1694.0,17.041,0.175,3911.0,0.405,123.87799999999999,0.008,tests performed,62.96,9660350.0,108.043,43.4,18.577,11.976,26777.561,0.5,278.296,7.55,26.8,34.8,,7.02,76.88,0.838
HUN,Europe,Hungary,2020-05-26,3771.0,15.0,30.714,499.0,8.0,4.571,390.359,1.553,3.179,51.654,0.828,0.473,27.0,2.795,436.0,45.133,,,,,166263.0,1644.0,17.211,0.17,3938.0,0.408,128.214,0.008,tests performed,62.96,9660350.0,108.043,43.4,18.577,11.976,26777.561,0.5,278.296,7.55,26.8,34.8,,7.02,76.88,0.838
HUN,Europe,Hungary,2020-05-27,3793.0,22.0,27.857,505.0,6.0,5.0,392.636,2.277,2.884,52.276,0.621,0.518,25.0,2.588,430.0,44.512,,,,,169960.0,3697.0,17.594,0.383,3890.0,0.403,139.641,0.006999999999999999,tests performed,62.96,9660350.0,108.043,43.4,18.577,11.976,26777.561,0.5,278.296,7.55,26.8,34.8,,7.02,76.88,0.838
HUN,Europe,Hungary,2020-05-28,3816.0,23.0,25.0,509.0,4.0,5.143,395.017,2.381,2.588,52.69,0.414,0.532,24.0,2.484,404.0,41.82,,,,,174011.0,4051.0,18.013,0.419,3786.0,0.392,151.44,0.006999999999999999,tests performed,62.96,9660350.0,108.043,43.4,18.577,11.976,26777.561,0.5,278.296,7.55,26.8,34.8,,7.02,76.88,0.838
HUN,Europe,Hungary,2020-05-29,3841.0,25.0,23.286,517.0,8.0,5.857,397.605,2.588,2.41,53.518,0.828,0.606,24.0,2.484,384.0,39.75,,,,,180152.0,6141.0,18.649,0.636,3479.0,0.36,149.405,0.006999999999999999,tests performed,62.96,9660350.0,108.043,43.4,18.577,11.976,26777.561,0.5,278.296,7.55,26.8,34.8,,7.02,76.88,0.838
HUN,Europe,Hungary,2020-05-30,3841.0,0.0,18.286,517.0,0.0,5.0,397.605,0.0,1.893,53.518,0.0,0.518,22.0,2.2769999999999997,414.0,42.856,,,,,183562.0,3410.0,19.002,0.353,3472.0,0.359,189.875,0.005,tests performed,62.96,9660350.0,108.043,43.4,18.577,11.976,26777.561,0.5,278.296,7.55,26.8,34.8,,7.02,76.88,0.838
HUN,Europe,Hungary,2020-05-31,3867.0,26.0,18.0,524.0,7.0,5.429,400.296,2.691,1.863,54.242,0.725,0.562,25.0,2.588,419.0,43.373000000000005,,,,,185980.0,2418.0,19.252,0.25,3294.0,0.341,183.0,0.005,tests performed,62.96,9660350.0,108.043,43.4,18.577,11.976,26777.561,0.5,278.296,7.55,26.8,34.8,,7.02,76.88,0.838
HUN,Europe,Hungary,2020-06-01,3876.0,9.0,17.143,526.0,2.0,5.0,401.228,0.932,1.775,54.449,0.207,0.518,25.0,2.588,417.0,43.166000000000004,,,,,187965.0,1985.0,19.457,0.205,3335.0,0.345,194.542,0.005,tests performed,62.96,9660350.0,108.043,43.4,18.577,11.976,26777.561,0.5,278.296,7.55,26.8,34.8,,7.02,76.88,0.838
HUN,Europe,Hungary,2020-06-02,3921.0,45.0,21.429,532.0,6.0,4.714,405.886,4.658,2.218,55.07,0.621,0.488,24.0,2.484,427.0,44.201,,,,,189969.0,2004.0,19.665,0.207,3387.0,0.351,158.06,0.006,tests performed,62.96,9660350.0,108.043,43.4,18.577,11.976,26777.561,0.5,278.296,7.55,26.8,34.8,,7.02,76.88,0.838
HUN,Europe,Hungary,2020-06-03,3931.0,10.0,19.714,534.0,2.0,4.143,406.921,1.035,2.041,55.278,0.207,0.429,24.0,2.484,414.0,42.856,,,,,191572.0,1603.0,19.831,0.166,3087.0,0.32,156.58700000000002,0.006,tests performed,62.96,9660350.0,108.043,43.4,18.577,11.976,26777.561,0.5,278.296,7.55,26.8,34.8,,7.02,76.88,0.838
HUN,Europe,Hungary,2020-06-04,3931.0,0.0,16.429,534.0,0.0,3.571,406.921,0.0,1.701,55.278,0.0,0.37,24.0,2.484,406.0,42.027,,,,,195894.0,4322.0,20.278,0.447,3126.0,0.324,190.278,0.005,tests performed,62.96,9660350.0,108.043,43.4,18.577,11.976,26777.561,0.5,278.296,7.55,26.8,34.8,,7.02,76.88,0.838
HUN,Europe,Hungary,2020-06-05,3954.0,23.0,16.143,539.0,5.0,3.143,409.302,2.381,1.671,55.795,0.518,0.325,21.0,2.174,397.0,41.096000000000004,,,,,202606.0,6712.0,20.973,0.695,3208.0,0.332,198.726,0.005,tests performed,62.96,9660350.0,108.043,43.4,18.577,11.976,26777.561,0.5,278.296,7.55,26.8,34.8,,7.02,76.88,0.838
HUN,Europe,Hungary,2020-06-06,3970.0,16.0,18.429,542.0,3.0,3.571,410.958,1.656,1.908,56.106,0.311,0.37,21.0,2.174,387.0,40.061,,,,,206853.0,4247.0,21.413,0.44,3327.0,0.344,180.535,0.006,tests performed,62.96,9660350.0,108.043,43.4,18.577,11.976,26777.561,0.5,278.296,7.55,26.8,34.8,,7.02,76.88,0.838
HUN,Europe,Hungary,2020-06-07,3970.0,0.0,14.714,542.0,0.0,2.571,410.958,0.0,1.523,56.106,0.0,0.266,21.0,2.174,386.0,39.957,,,,,210202.0,3349.0,21.759,0.347,3460.0,0.358,235.146,0.004,tests performed,62.96,9660350.0,108.043,43.4,18.577,11.976,26777.561,0.5,278.296,7.55,26.8,34.8,,7.02,76.88,0.838
HUN,Europe,Hungary,2020-06-08,3970.0,0.0,13.429,542.0,0.0,2.286,410.958,0.0,1.39,56.106,0.0,0.237,21.0,2.174,385.0,39.854,,,,,210749.0,547.0,21.816,0.057,3255.0,0.337,242.394,0.004,tests performed,62.96,9660350.0,108.043,43.4,18.577,11.976,26777.561,0.5,278.296,7.55,26.8,34.8,,7.02,76.88,0.838
HUN,Europe,Hungary,2020-06-09,4014.0,44.0,13.286,548.0,6.0,2.286,415.513,4.555,1.375,56.727,0.621,0.237,20.0,2.07,365.0,37.783,,,,,214468.0,3719.0,22.201,0.385,3500.0,0.362,263.441,0.004,tests performed,62.96,9660350.0,108.043,43.4,18.577,11.976,26777.561,0.5,278.296,7.55,26.8,34.8,,7.02,76.88,0.838
HUN,Europe,Hungary,2020-06-10,4017.0,3.0,12.286,550.0,2.0,2.286,415.823,0.311,1.272,56.934,0.207,0.237,20.0,2.07,344.0,35.609,,,,,217689.0,3221.0,22.534,0.333,3731.0,0.386,303.686,0.003,tests performed,62.96,9660350.0,108.043,43.4,18.577,11.976,26777.561,0.5,278.296,7.55,26.8,34.8,,7.02,76.88,0.838
HUN,Europe,Hungary,2020-06-11,4027.0,10.0,13.714,551.0,1.0,2.429,416.859,1.035,1.42,57.037,0.104,0.251,19.0,1.9669999999999999,321.0,33.229,,,,,222247.0,4558.0,23.006,0.472,3765.0,0.39,274.531,0.004,tests performed,62.96,9660350.0,108.043,43.4,18.577,11.976,26777.561,0.5,278.296,7.55,26.8,34.8,,7.02,76.88,0.838
HUN,Europe,Hungary,2020-06-12,4039.0,12.0,12.143,553.0,2.0,2.0,418.101,1.242,1.257,57.244,0.207,0.207,20.0,2.07,290.0,30.02,,,,,226669.0,4422.0,23.464,0.458,3438.0,0.356,283.129,0.004,tests performed,62.96,9660350.0,108.043,43.4,18.577,11.976,26777.561,0.5,278.296,7.55,26.8,34.8,,7.02,76.88,0.838
HUN,Europe,Hungary,2020-06-13,4053.0,14.0,11.857,555.0,2.0,1.857,419.55,1.449,1.227,57.451,0.207,0.192,20.0,2.07,283.0,29.295,,,,,230169.0,3500.0,23.826,0.362,3331.0,0.345,280.928,0.004,tests performed,62.96,9660350.0,108.043,43.4,18.577,11.976,26777.561,0.5,278.296,7.55,26.8,34.8,,7.02,76.88,0.838
HUN,Europe,Hungary,2020-06-14,4064.0,11.0,13.429,559.0,4.0,2.429,420.689,1.139,1.39,57.865,0.414,0.251,20.0,2.07,275.0,28.467,,,,,233742.0,3573.0,24.196,0.37,3363.0,0.348,250.43599999999998,0.004,tests performed,62.96,9660350.0,108.043,43.4,18.577,11.976,26777.561,0.5,278.296,7.55,26.8,34.8,,7.02,76.88,0.838
HUN,Europe,Hungary,2020-06-15,4076.0,12.0,15.143,563.0,4.0,3.0,421.931,1.242,1.568,58.279,0.414,0.311,19.0,1.9669999999999999,275.0,28.467,,,,,235377.0,1635.0,24.365,0.169,3518.0,0.364,232.321,0.004,tests performed,62.96,9660350.0,108.043,43.4,18.577,11.976,26777.561,0.5,278.296,7.55,26.8,34.8,,7.02,76.88,0.838
HUN,Europe,Hungary,2020-06-16,4077.0,1.0,9.0,565.0,2.0,2.429,422.034,0.104,0.932,58.486,0.207,0.251,17.0,1.76,255.0,26.397,,,,,236828.0,1451.0,24.515,0.15,3194.0,0.331,354.889,0.003,tests performed,62.96,9660350.0,108.043,43.4,18.577,11.976,26777.561,0.5,278.296,7.55,26.8,34.8,,7.02,76.88,0.838
HUN,Europe,Hungary,2020-06-17,4078.0,1.0,8.714,567.0,2.0,2.429,422.138,0.104,0.902,58.694,0.207,0.251,16.0,1.656,210.0,21.738000000000003,,,,,242139.0,5311.0,25.065,0.55,3493.0,0.362,400.836,0.002,tests performed,62.96,9660350.0,108.043,43.4,18.577,11.976,26777.561,0.5,278.296,7.55,26.8,34.8,,7.02,76.88,0.838
HUN,Europe,Hungary,2020-06-18,4079.0,1.0,7.429,568.0,1.0,2.429,422.241,0.104,0.769,58.797,0.104,0.251,15.0,1.5530000000000002,199.0,20.6,,,,,245598.0,3459.0,25.423,0.358,3336.0,0.345,449.077,0.002,tests performed,62.96,9660350.0,108.043,43.4,18.577,11.976,26777.561,0.5,278.296,7.55,26.8,34.8,,7.02,76.88,0.838
HUN,Europe,Hungary,2020-06-19,4081.0,2.0,6.0,568.0,0.0,2.143,422.448,0.207,0.621,58.797,0.0,0.222,15.0,1.5530000000000002,192.0,19.875,,,,,249391.0,3793.0,25.816,0.393,3246.0,0.336,541.0,0.002,tests performed,52.78,9660350.0,108.043,43.4,18.577,11.976,26777.561,0.5,278.296,7.55,26.8,34.8,,7.02,76.88,0.838
HUN,Europe,Hungary,2020-06-20,4086.0,5.0,4.714,570.0,2.0,2.143,422.966,0.518,0.488,59.004,0.207,0.222,15.0,1.5530000000000002,186.0,19.254,,,,,253100.0,3709.0,26.2,0.384,3276.0,0.339,694.909,0.001,tests performed,52.78,9660350.0,108.043,43.4,18.577,11.976,26777.561,0.5,278.296,7.55,26.8,34.8,,7.02,76.88,0.838
HUN,Europe,Hungary,2020-06-21,4094.0,8.0,4.286,570.0,0.0,1.571,423.794,0.828,0.444,59.004,0.0,0.163,15.0,1.5530000000000002,185.0,19.15,,,,,256326.0,3226.0,26.534,0.334,3226.0,0.334,752.7330000000001,0.001,tests performed,52.78,9660350.0,108.043,43.4,18.577,11.976,26777.561,0.5,278.296,7.55,26.8,34.8,,7.02,76.88,0.838
HUN,Europe,Hungary,2020-06-22,4102.0,8.0,3.714,572.0,2.0,1.286,424.622,0.828,0.384,59.211,0.207,0.133,,,,,,,,,258115.0,1789.0,26.719,0.185,3248.0,0.336,874.462,0.001,tests performed,52.78,9660350.0,108.043,43.4,18.577,11.976,26777.561,0.5,278.296,7.55,26.8,34.8,,7.02,76.88,0.838
HUN,Europe,Hungary,2020-06-23,4107.0,5.0,4.286,573.0,1.0,1.143,425.14,0.518,0.444,59.315,0.104,0.118,14.0,1.449,183.0,18.942999999999998,,,,,258861.0,746.0,26.796,0.077,3148.0,0.326,734.533,0.001,tests performed,52.78,9660350.0,108.043,43.4,18.577,11.976,26777.561,0.5,278.296,7.55,26.8,34.8,,7.02,76.88,0.838
HUN,Europe,Hungary,2020-06-24,4107.0,0.0,4.143,573.0,0.0,0.857,425.14,0.0,0.429,59.315,0.0,0.089,13.0,1.3459999999999999,183.0,18.942999999999998,,,,,261420.0,2559.0,27.061,0.265,2754.0,0.285,664.7589999999999,0.002,tests performed,52.78,9660350.0,108.043,43.4,18.577,11.976,26777.561,0.5,278.296,7.55,26.8,34.8,,7.02,76.88,0.838
HUN,Europe,Hungary,2020-06-25,4114.0,7.0,5.0,576.0,3.0,1.143,425.864,0.725,0.518,59.625,0.311,0.118,13.0,1.3459999999999999,182.0,18.84,,,,,265129.0,3709.0,27.445,0.384,2790.0,0.289,558.0,0.002,tests performed,52.78,9660350.0,108.043,43.4,18.577,11.976,26777.561,0.5,278.296,7.55,26.8,34.8,,7.02,76.88,0.838
HUN,Europe,Hungary,2020-06-26,4123.0,9.0,6.0,577.0,1.0,1.286,426.796,0.932,0.621,59.729,0.104,0.133,13.0,1.3459999999999999,179.0,18.529,,,,,267056.0,1927.0,27.645,0.199,2524.0,0.261,420.667,0.002,tests performed,52.78,9660350.0,108.043,43.4,18.577,11.976,26777.561,0.5,278.296,7.55,26.8,34.8,,7.02,76.88,0.838
HUN,Europe,Hungary,2020-06-27,4127.0,4.0,5.857,578.0,1.0,1.143,427.21,0.414,0.606,59.832,0.104,0.118,11.0,1.139,174.0,18.012,,,,,270263.0,3207.0,27.977,0.332,2452.0,0.254,418.634,0.002,tests performed,52.78,9660350.0,108.043,43.4,18.577,11.976,26777.561,0.5,278.296,7.55,26.8,34.8,,7.02,76.88,0.838
HUN,Europe,Hungary,2020-06-28,4138.0,11.0,6.286,578.0,0.0,1.143,428.349,1.139,0.651,59.832,0.0,0.118,9.0,0.932,172.0,17.805,,,,,271194.0,931.0,28.073,0.096,2124.0,0.22,337.909,0.003,tests performed,52.78,9660350.0,108.043,43.4,18.577,11.976,26777.561,0.5,278.296,7.55,26.8,34.8,,7.02,76.88,0.838
HUN,Europe,Hungary,2020-06-29,4142.0,4.0,5.714,581.0,3.0,1.286,428.763,0.414,0.592,60.143,0.311,0.133,9.0,0.932,170.0,17.598,,,,,273879.0,2685.0,28.351,0.278,2252.0,0.233,394.1,0.003,tests performed,52.78,9660350.0,108.043,43.4,18.577,11.976,26777.561,0.5,278.296,7.55,26.8,34.8,,7.02,76.88,0.838
HUN,Europe,Hungary,2020-06-30,4145.0,3.0,5.429,585.0,4.0,1.714,429.073,0.311,0.562,60.557,0.414,0.177,9.0,0.932,169.0,17.494,,,,,274945.0,1066.0,28.461,0.11,2298.0,0.238,423.316,0.002,tests performed,52.78,9660350.0,108.043,43.4,18.577,11.976,26777.561,0.5,278.296,7.55,26.8,34.8,,7.02,76.88,0.838
HUN,Europe,Hungary,2020-07-01,4155.0,10.0,6.857,585.0,0.0,1.714,430.109,1.035,0.71,60.557,0.0,0.177,8.0,0.828,169.0,17.494,,,,,277750.0,2805.0,28.752,0.29,2333.0,0.242,340.22900000000004,0.003,tests performed,52.78,9660350.0,108.043,43.4,18.577,11.976,26777.561,0.5,278.296,7.55,26.8,34.8,,7.02,76.88,0.838
HUN,Europe,Hungary,2020-07-02,4157.0,2.0,6.143,586.0,1.0,1.429,430.316,0.207,0.636,60.66,0.104,0.148,8.0,0.828,157.0,16.252,,,,,279690.0,1940.0,28.952,0.201,2080.0,0.215,338.605,0.003,tests performed,52.78,9660350.0,108.043,43.4,18.577,11.976,26777.561,0.5,278.296,7.55,26.8,34.8,,7.02,76.88,0.838
HUN,Europe,Hungary,2020-07-03,4166.0,9.0,6.143,587.0,1.0,1.429,431.247,0.932,0.636,60.764,0.104,0.148,9.0,0.932,150.0,15.527000000000001,,,,,281628.0,1938.0,29.153,0.201,2082.0,0.216,338.93,0.003,tests performed,52.78,9660350.0,108.043,43.4,18.577,11.976,26777.561,0.5,278.296,7.55,26.8,34.8,,7.02,76.88,0.838
HUN,Europe,Hungary,2020-07-04,4172.0,6.0,6.429,588.0,1.0,1.429,431.868,0.621,0.665,60.867,0.104,0.148,8.0,0.828,140.0,14.492,,,,,283508.0,1880.0,29.348,0.195,1892.0,0.196,294.311,0.003,tests performed,52.78,9660350.0,108.043,43.4,18.577,11.976,26777.561,0.5,278.296,7.55,26.8,34.8,,7.02,76.88,0.838
HUN,Europe,Hungary,2020-07-05,4183.0,11.0,6.429,589.0,1.0,1.571,433.007,1.139,0.665,60.971,0.104,0.163,8.0,0.828,144.0,14.905999999999999,,,,,285590.0,2082.0,29.563,0.216,2057.0,0.213,319.978,0.003,tests performed,52.78,9660350.0,108.043,43.4,18.577,11.976,26777.561,0.5,278.296,7.55,26.8,34.8,,7.02,76.88,0.838
HUN,Europe,Hungary,2020-07-06,4183.0,0.0,5.857,589.0,0.0,1.143,433.007,0.0,0.606,60.971,0.0,0.118,8.0,0.828,144.0,14.905999999999999,,,,,286083.0,493.0,29.614,0.051,1743.0,0.18,297.585,0.003,tests performed,52.78,9660350.0,108.043,43.4,18.577,11.976,26777.561,0.5,278.296,7.55,26.8,34.8,,7.02,76.88,0.838
HUN,Europe,Hungary,2020-07-07,4189.0,6.0,6.286,589.0,0.0,0.571,433.628,0.621,0.651,60.971,0.0,0.059,7.0,0.725,142.0,14.699000000000002,,,,,286983.0,900.0,29.707,0.093,1720.0,0.178,273.63599999999997,0.004,tests performed,52.78,9660350.0,108.043,43.4,18.577,11.976,26777.561,0.5,278.296,7.55,26.8,34.8,,7.02,76.88,0.838
HUN,Europe,Hungary,2020-07-08,4205.0,16.0,7.143,589.0,0.0,0.571,435.284,1.656,0.739,60.971,0.0,0.059,6.0,0.621,132.0,13.664000000000001,,,,,288693.0,1710.0,29.884,0.177,1563.0,0.162,218.82,0.005,tests performed,52.78,9660350.0,108.043,43.4,18.577,11.976,26777.561,0.5,278.296,7.55,26.8,34.8,,7.02,76.88,0.838
HUN,Europe,Hungary,2020-07-09,4210.0,5.0,7.571,589.0,0.0,0.429,435.802,0.518,0.784,60.971,0.0,0.044,6.0,0.621,131.0,13.561,,,,,289602.0,909.0,29.978,0.094,1416.0,0.147,187.019,0.005,tests performed,52.78,9660350.0,108.043,43.4,18.577,11.976,26777.561,0.5,278.296,7.55,26.8,34.8,,7.02,76.88,0.838
HUN,Europe,Hungary,2020-07-10,4220.0,10.0,7.714,591.0,2.0,0.571,436.837,1.035,0.799,61.178,0.207,0.059,6.0,0.621,133.0,13.767999999999999,,,,,292037.0,2435.0,30.23,0.252,1487.0,0.154,192.75900000000001,0.005,tests performed,52.78,9660350.0,108.043,43.4,18.577,11.976,26777.561,0.5,278.296,7.55,26.8,34.8,,7.02,76.88,0.838
HUN,Europe,Hungary,2020-07-11,4223.0,3.0,7.286,593.0,2.0,0.714,437.148,0.311,0.754,61.385,0.207,0.074,5.0,0.518,129.0,13.354000000000001,,,,,293220.0,1183.0,30.353,0.122,1387.0,0.144,190.373,0.005,tests performed,52.78,9660350.0,108.043,43.4,18.577,11.976,26777.561,0.5,278.296,7.55,26.8,34.8,,7.02,76.88,0.838
HUN,Europe,Hungary,2020-07-12,4229.0,6.0,6.571,595.0,2.0,0.857,437.769,0.621,0.68,61.592,0.207,0.089,5.0,0.518,128.0,13.25,,,,,294425.0,1205.0,30.478,0.125,1262.0,0.131,192.043,0.005,tests performed,52.78,9660350.0,108.043,43.4,18.577,11.976,26777.561,0.5,278.296,7.55,26.8,34.8,,7.02,76.88,0.838
HUN,Europe,Hungary,2020-07-13,4234.0,5.0,7.286,595.0,0.0,0.857,438.286,0.518,0.754,61.592,0.0,0.089,5.0,0.518,127.0,13.147,,,,,295561.0,1136.0,30.595,0.118,1354.0,0.14,185.843,0.005,tests performed,52.78,9660350.0,108.043,43.4,18.577,11.976,26777.561,0.5,278.296,7.55,26.8,34.8,,7.02,76.88,0.838
HUN,Europe,Hungary,2020-07-14,4247.0,13.0,8.286,595.0,0.0,0.857,439.632,1.346,0.858,61.592,0.0,0.089,5.0,0.518,131.0,13.561,,,,,296358.0,797.0,30.678,0.083,1339.0,0.139,161.60299999999998,0.006,tests performed,52.78,9660350.0,108.043,43.4,18.577,11.976,26777.561,0.5,278.296,7.55,26.8,34.8,,7.02,76.88,0.838
HUN,Europe,Hungary,2020-07-15,4263.0,16.0,8.286,595.0,0.0,0.857,441.288,1.656,0.858,61.592,0.0,0.089,5.0,0.518,125.0,12.939,,,,,299185.0,2827.0,30.97,0.293,1499.0,0.155,180.91400000000002,0.006,tests performed,52.78,9660350.0,108.043,43.4,18.577,11.976,26777.561,0.5,278.296,7.55,26.8,34.8,,7.02,76.88,0.838
HUN,Europe,Hungary,2020-07-16,4263.0,0.0,7.571,595.0,0.0,0.857,441.288,0.0,0.784,61.592,0.0,0.089,5.0,0.518,109.0,11.283,,,,,300632.0,1447.0,31.12,0.15,1576.0,0.163,208.15099999999998,0.005,tests performed,52.78,9660350.0,108.043,43.4,18.577,11.976,26777.561,0.5,278.296,7.55,26.8,34.8,,7.02,76.88,0.838
HUN,Europe,Hungary,2020-07-17,4279.0,16.0,8.429,595.0,0.0,0.571,442.945,1.656,0.872,61.592,0.0,0.059,4.0,0.414,83.0,8.592,,,,,302749.0,2117.0,31.339,0.219,1530.0,0.158,181.525,0.006,tests performed,52.78,9660350.0,108.043,43.4,18.577,11.976,26777.561,0.5,278.296,7.55,26.8,34.8,,7.02,76.88,0.838
HUN,Europe,Hungary,2020-07-18,4293.0,14.0,10.0,595.0,0.0,0.286,444.394,1.449,1.035,61.592,0.0,0.03,3.0,0.311,83.0,8.592,,,,,305133.0,2384.0,31.586,0.247,1702.0,0.176,170.2,0.006,tests performed,52.78,9660350.0,108.043,43.4,18.577,11.976,26777.561,0.5,278.296,7.55,26.8,34.8,,7.02,76.88,0.838
HUN,Europe,Hungary,2020-07-19,4315.0,22.0,12.286,596.0,1.0,0.143,446.671,2.277,1.272,61.695,0.104,0.015,3.0,0.311,82.0,8.488,,,,,307846.0,2713.0,31.867,0.281,1917.0,0.198,156.035,0.006,tests performed,52.78,9660350.0,108.043,43.4,18.577,11.976,26777.561,0.5,278.296,7.55,26.8,34.8,,7.02,76.88,0.838
HUN,Europe,Hungary,2020-07-20,4333.0,18.0,14.143,596.0,0.0,0.143,448.534,1.863,1.464,61.695,0.0,0.015,5.0,0.518,83.0,8.592,,,,,310070.0,2224.0,32.097,0.23,2073.0,0.215,146.576,0.006999999999999999,tests performed,52.78,9660350.0,108.043,43.4,18.577,11.976,26777.561,0.5,278.296,7.55,26.8,34.8,,7.02,76.88,0.838
HUN,Europe,Hungary,2020-07-21,4347.0,14.0,14.286,596.0,0.0,0.143,449.984,1.449,1.479,61.695,0.0,0.015,4.0,0.414,78.0,8.074,,,,,310830.0,760.0,32.176,0.079,2067.0,0.214,144.69,0.006999999999999999,tests performed,52.78,9660350.0,108.043,43.4,18.577,11.976,26777.561,0.5,278.296,7.55,26.8,34.8,,7.02,76.88,0.838
HUN,Europe,Hungary,2020-07-22,4366.0,19.0,14.714,596.0,0.0,0.143,451.95,1.967,1.523,61.695,0.0,0.015,4.0,0.414,76.0,7.867000000000001,,,,,312988.0,2158.0,32.399,0.223,1972.0,0.204,134.019,0.006999999999999999,tests performed,52.78,9660350.0,108.043,43.4,18.577,11.976,26777.561,0.5,278.296,7.55,26.8,34.8,,7.02,76.88,0.838
HUN,Europe,Hungary,2020-07-23,4380.0,14.0,16.714,596.0,0.0,0.143,453.4,1.449,1.73,61.695,0.0,0.015,4.0,0.414,76.0,7.867000000000001,,,,,316120.0,3132.0,32.723,0.324,2213.0,0.229,132.40200000000002,0.008,tests performed,52.78,9660350.0,108.043,43.4,18.577,11.976,26777.561,0.5,278.296,7.55,26.8,34.8,,7.02,76.88,0.838
HUN,Europe,Hungary,2020-07-24,4398.0,18.0,17.0,596.0,0.0,0.143,455.263,1.863,1.76,61.695,0.0,0.015,4.0,0.414,70.0,7.246,,,,,319854.0,3734.0,33.11,0.387,2444.0,0.253,143.765,0.006999999999999999,tests performed,52.78,9660350.0,108.043,43.4,18.577,11.976,26777.561,0.5,278.296,7.55,26.8,34.8,,7.02,76.88,0.838
HUN,Europe,Hungary,2020-07-25,4424.0,26.0,18.714,596.0,0.0,0.143,457.954,2.691,1.937,61.695,0.0,0.015,5.0,0.518,68.0,7.039,,,,,323673.0,3819.0,33.505,0.395,2649.0,0.274,141.55,0.006999999999999999,tests performed,52.78,9660350.0,108.043,43.4,18.577,11.976,26777.561,0.5,278.296,7.55,26.8,34.8,,7.02,76.88,0.838
HUN,Europe,Hungary,2020-07-26,4435.0,11.0,17.143,596.0,0.0,0.0,459.093,1.139,1.775,61.695,0.0,0.0,6.0,0.621,69.0,7.143,,,,,326554.0,2881.0,33.804,0.298,2673.0,0.277,155.925,0.006,tests performed,52.78,9660350.0,108.043,43.4,18.577,11.976,26777.561,0.5,278.296,7.55,26.8,34.8,,7.02,76.88,0.838
HUN,Europe,Hungary,2020-07-27,4448.0,13.0,16.429,596.0,0.0,0.0,460.439,1.346,1.701,61.695,0.0,0.0,6.0,0.621,71.0,7.35,,,,,328583.0,2029.0,34.014,0.21,2645.0,0.274,161.0,0.006,tests performed,52.78,9660350.0,108.043,43.4,18.577,11.976,26777.561,0.5,278.296,7.55,26.8,34.8,,7.02,76.88,0.838
HUN,Europe,Hungary,2020-07-28,4456.0,8.0,15.571,596.0,0.0,0.0,461.267,0.828,1.612,61.695,0.0,0.0,6.0,0.621,76.0,7.867000000000001,,,,,330239.0,1656.0,34.185,0.171,2773.0,0.287,178.083,0.006,tests performed,52.78,9660350.0,108.043,43.4,18.577,11.976,26777.561,0.5,278.296,7.55,26.8,34.8,,7.02,76.88,0.838
HUN,Europe,Hungary,2020-07-29,4465.0,9.0,14.143,596.0,0.0,0.0,462.199,0.932,1.464,61.695,0.0,0.0,6.0,0.621,76.0,7.867000000000001,,,,,333446.0,3207.0,34.517,0.332,2923.0,0.303,206.67700000000002,0.005,tests performed,52.78,9660350.0,108.043,43.4,18.577,11.976,26777.561,0.5,278.296,7.55,26.8,34.8,,7.02,76.88,0.838
HUN,Europe,Hungary,2020-07-30,4484.0,19.0,14.857,596.0,0.0,0.0,464.165,1.967,1.538,61.695,0.0,0.0,6.0,0.621,76.0,7.867000000000001,,,,,336461.0,3015.0,34.829,0.312,2906.0,0.301,195.59599999999998,0.005,tests performed,52.78,9660350.0,108.043,43.4,18.577,11.976,26777.561,0.5,278.296,7.55,26.8,34.8,,7.02,76.88,0.838
HUN,Europe,Hungary,2020-07-31,4505.0,21.0,15.286,596.0,0.0,0.0,466.339,2.174,1.582,61.695,0.0,0.0,6.0,0.621,73.0,7.557,,,,,339163.0,2702.0,35.109,0.28,2758.0,0.285,180.43,0.006,tests performed,52.78,9660350.0,108.043,43.4,18.577,11.976,26777.561,0.5,278.296,7.55,26.8,34.8,,7.02,76.88,0.838
HUN,Europe,Hungary,2020-08-01,4505.0,0.0,11.571,596.0,0.0,0.0,466.339,0.0,1.198,61.695,0.0,0.0,6.0,0.621,73.0,7.557,,,,,342887.0,3724.0,35.494,0.385,2745.0,0.284,237.222,0.004,tests performed,52.78,9660350.0,108.043,43.4,18.577,11.976,26777.561,0.5,278.296,7.55,26.8,34.8,,7.02,76.88,0.838
HUN,Europe,Hungary,2020-08-02,4526.0,21.0,13.0,597.0,1.0,0.143,468.513,2.174,1.346,61.799,0.104,0.015,7.0,0.725,71.0,7.35,,,,,344997.0,2110.0,35.713,0.218,2635.0,0.273,202.692,0.005,tests performed,52.78,9660350.0,108.043,43.4,18.577,11.976,26777.561,0.5,278.296,7.55,26.8,34.8,,7.02,76.88,0.838
HUN,Europe,Hungary,2020-08-03,4535.0,9.0,12.429,597.0,0.0,0.143,469.445,0.932,1.287,61.799,0.0,0.015,7.0,0.725,74.0,7.66,,,,,346962.0,1965.0,35.916,0.203,2626.0,0.272,211.287,0.005,tests performed,52.78,9660350.0,108.043,43.4,18.577,11.976,26777.561,0.5,278.296,7.55,26.8,34.8,,7.02,76.88,0.838
HUN,Europe,Hungary,2020-08-04,4544.0,9.0,12.571,597.0,0.0,0.143,470.376,0.932,1.301,61.799,0.0,0.015,7.0,0.725,75.0,7.763999999999999,,,,,348132.0,1170.0,36.037,0.121,2556.0,0.265,203.31799999999998,0.005,tests performed,52.78,9660350.0,108.043,43.4,18.577,11.976,26777.561,0.5,278.296,7.55,26.8,34.8,,7.02,76.88,0.838
HUN,Europe,Hungary,2020-08-05,4553.0,9.0,12.571,598.0,1.0,0.286,471.308,0.932,1.301,61.903,0.104,0.03,7.0,0.725,72.0,7.452999999999999,,,,,350108.0,1976.0,36.242,0.205,2380.0,0.246,189.31799999999998,0.005,tests performed,52.78,9660350.0,108.043,43.4,18.577,11.976,26777.561,0.5,278.296,7.55,26.8,34.8,,7.02,76.88,0.838
HUN,Europe,Hungary,2020-08-06,4564.0,11.0,11.429,599.0,1.0,0.429,472.447,1.139,1.183,62.006,0.104,0.044,8.0,0.828,74.0,7.66,,,,,352546.0,2438.0,36.494,0.252,2298.0,0.238,201.075,0.005,tests performed,52.78,9660350.0,108.043,43.4,18.577,11.976,26777.561,0.5,278.296,7.55,26.8,34.8,,7.02,76.88,0.838
HUN,Europe,Hungary,2020-08-07,4597.0,33.0,13.143,600.0,1.0,0.571,475.863,3.416,1.36,62.11,0.104,0.059,6.0,0.621,72.0,7.452999999999999,,,,,355467.0,2921.0,36.796,0.302,2329.0,0.241,177.207,0.006,tests performed,52.78,9660350.0,108.043,43.4,18.577,11.976,26777.561,0.5,278.296,7.55,26.8,34.8,,7.02,76.88,0.838
HUN,Europe,Hungary,2020-08-08,4621.0,24.0,16.571,602.0,2.0,0.857,478.347,2.484,1.715,62.317,0.207,0.089,6.0,0.621,69.0,7.143,,,,,358437.0,2970.0,37.104,0.307,2221.0,0.23,134.026,0.006999999999999999,tests performed,52.78,9660350.0,108.043,43.4,18.577,11.976,26777.561,0.5,278.296,7.55,26.8,34.8,,7.02,76.88,0.838
HUN,Europe,Hungary,2020-08-09,4653.0,32.0,18.143,602.0,0.0,0.714,481.66,3.313,1.878,62.317,0.0,0.074,6.0,0.621,73.0,7.557,,,,,360772.0,2335.0,37.346,0.242,2254.0,0.233,124.236,0.008,tests performed,52.78,9660350.0,108.043,43.4,18.577,11.976,26777.561,0.5,278.296,7.55,26.8,34.8,,7.02,76.88,0.838
HUN,Europe,Hungary,2020-08-10,4696.0,43.0,23.0,602.0,0.0,0.714,486.111,4.451,2.381,62.317,0.0,0.074,6.0,0.621,61.0,6.314,,,,,362660.0,1888.0,37.541,0.195,2243.0,0.232,97.522,0.01,tests performed,52.78,9660350.0,108.043,43.4,18.577,11.976,26777.561,0.5,278.296,7.55,26.8,34.8,,7.02,76.88,0.838
HUN,Europe,Hungary,2020-08-11,4731.0,35.0,26.714,605.0,3.0,1.143,489.734,3.623,2.765,62.627,0.311,0.118,5.0,0.518,62.0,6.417999999999999,,,,,363459.0,799.0,37.624,0.083,2190.0,0.227,81.979,0.012,tests performed,49.07,9660350.0,108.043,43.4,18.577,11.976,26777.561,0.5,278.296,7.55,26.8,34.8,,7.02,76.88,0.838
HUN,Europe,Hungary,2020-08-12,4746.0,15.0,27.571,605.0,0.0,1.0,491.287,1.553,2.854,62.627,0.0,0.104,5.0,0.518,64.0,6.625,,,,,366356.0,2897.0,37.924,0.3,2321.0,0.24,84.181,0.012,tests performed,49.07,9660350.0,108.043,43.4,18.577,11.976,26777.561,0.5,278.296,7.55,26.8,34.8,,7.02,76.88,0.838
HUN,Europe,Hungary,2020-08-13,4768.0,22.0,29.143,605.0,0.0,0.857,493.564,2.277,3.017,62.627,0.0,0.089,5.0,0.518,66.0,6.832000000000001,,,,,369545.0,3189.0,38.254,0.33,2428.0,0.251,83.314,0.012,tests performed,49.07,9660350.0,108.043,43.4,18.577,11.976,26777.561,0.5,278.296,7.55,26.8,34.8,,7.02,76.88,0.838
HUN,Europe,Hungary,2020-08-14,4813.0,45.0,30.857,607.0,2.0,1.0,498.222,4.658,3.194,62.834,0.207,0.104,6.0,0.621,64.0,6.625,,,,,372687.0,3142.0,38.579,0.325,2460.0,0.255,79.722,0.013000000000000001,tests performed,49.07,9660350.0,108.043,43.4,18.577,11.976,26777.561,0.5,278.296,7.55,26.8,34.8,,7.02,76.88,0.838
HUN,Europe,Hungary,2020-08-15,4853.0,40.0,33.143,607.0,0.0,0.714,502.363,4.141,3.431,62.834,0.0,0.074,6.0,0.621,63.0,6.522,,,,,375685.0,2998.0,38.889,0.31,2464.0,0.255,74.345,0.013000000000000001,tests performed,49.07,9660350.0,108.043,43.4,18.577,11.976,26777.561,0.5,278.296,7.55,26.8,34.8,,7.02,76.88,0.838
HUN,Europe,Hungary,2020-08-16,4877.0,24.0,32.0,607.0,0.0,0.714,504.847,2.484,3.313,62.834,0.0,0.074,6.0,0.621,62.0,6.417999999999999,,,,,378608.0,2923.0,39.192,0.303,2548.0,0.264,79.625,0.013000000000000001,tests performed,49.07,9660350.0,108.043,43.4,18.577,11.976,26777.561,0.5,278.296,7.55,26.8,34.8,,7.02,76.88,0.838
HUN,Europe,Hungary,2020-08-17,4916.0,39.0,31.429,608.0,1.0,0.857,508.884,4.037,3.253,62.938,0.104,0.089,6.0,0.621,62.0,6.417999999999999,,,,,380932.0,2324.0,39.433,0.241,2610.0,0.27,83.045,0.012,tests performed,49.07,9660350.0,108.043,43.4,18.577,11.976,26777.561,0.5,278.296,7.55,26.8,34.8,,7.02,76.88,0.838
HUN,Europe,Hungary,2020-08-18,4970.0,54.0,34.143,609.0,1.0,0.571,514.474,5.59,3.534,63.041,0.104,0.059,6.0,0.621,60.0,6.211,,,,,383411.0,2479.0,39.689,0.257,2850.0,0.295,83.473,0.012,tests performed,49.07,9660350.0,108.043,43.4,18.577,11.976,26777.561,0.5,278.296,7.55,26.8,34.8,,7.02,76.88,0.838
HUN,Europe,Hungary,2020-08-19,4970.0,0.0,32.0,609.0,0.0,0.571,514.474,0.0,3.313,63.041,0.0,0.059,7.0,0.725,57.0,5.9,,,,,387111.0,3700.0,40.072,0.383,2965.0,0.307,92.656,0.011000000000000001,tests performed,49.07,9660350.0,108.043,43.4,18.577,11.976,26777.561,0.5,278.296,7.55,26.8,34.8,,7.02,76.88,0.838
HUN,Europe,Hungary,2020-08-20,5002.0,32.0,33.429,609.0,0.0,0.571,517.787,3.313,3.46,63.041,0.0,0.059,7.0,0.725,57.0,5.9,,,,,390079.0,2968.0,40.379,0.307,2933.0,0.304,87.73899999999999,0.011000000000000001,tests performed,49.07,9660350.0,108.043,43.4,18.577,11.976,26777.561,0.5,278.296,7.55,26.8,34.8,,7.02,76.88,0.838
HUN,Europe,Hungary,2020-08-21,5046.0,44.0,33.286,609.0,0.0,0.286,522.341,4.555,3.446,63.041,0.0,0.03,6.0,0.621,58.0,6.004,,,,,393431.0,3352.0,40.726,0.347,2963.0,0.307,89.01700000000001,0.011000000000000001,tests performed,49.07,9660350.0,108.043,43.4,18.577,11.976,26777.561,0.5,278.296,7.55,26.8,34.8,,7.02,76.88,0.838
HUN,Europe,Hungary,2020-08-22,5098.0,52.0,35.0,611.0,2.0,0.571,527.724,5.383,3.623,63.248,0.207,0.059,7.0,0.725,60.0,6.211,,,,,394911.0,1480.0,40.88,0.153,2747.0,0.284,78.486,0.013000000000000001,tests performed,49.07,9660350.0,108.043,43.4,18.577,11.976,26777.561,0.5,278.296,7.55,26.8,34.8,,7.02,76.88,0.838
HUN,Europe,Hungary,2020-08-23,5133.0,35.0,36.571,611.0,0.0,0.571,531.347,3.623,3.786,63.248,0.0,0.059,7.0,0.725,59.0,6.107,,,,,397092.0,2181.0,41.105,0.226,2641.0,0.273,72.215,0.013999999999999999,tests performed,49.07,9660350.0,108.043,43.4,18.577,11.976,26777.561,0.5,278.296,7.55,26.8,34.8,,7.02,76.88,0.838
HUN,Europe,Hungary,2020-08-24,5155.0,22.0,34.143,613.0,2.0,0.714,533.625,2.277,3.534,63.455,0.207,0.074,9.0,0.932,59.0,6.107,,,,,398550.0,1458.0,41.256,0.151,2517.0,0.261,73.72,0.013999999999999999,tests performed,49.07,9660350.0,108.043,43.4,18.577,11.976,26777.561,0.5,278.296,7.55,26.8,34.8,,7.02,76.88,0.838
HUN,Europe,Hungary,2020-08-25,5191.0,36.0,31.571,613.0,0.0,0.571,537.351,3.727,3.268,63.455,0.0,0.059,7.0,0.725,57.0,5.9,,,,,400442.0,1892.0,41.452,0.196,2433.0,0.252,77.063,0.013000000000000001,tests performed,49.07,9660350.0,108.043,43.4,18.577,11.976,26777.561,0.5,278.296,7.55,26.8,34.8,,7.02,76.88,0.838
HUN,Europe,Hungary,2020-08-26,5215.0,24.0,35.0,614.0,1.0,0.714,539.836,2.484,3.623,63.559,0.104,0.074,7.0,0.725,64.0,6.625,,,,,405067.0,4625.0,41.931,0.479,2565.0,0.266,73.286,0.013999999999999999,tests performed,49.07,9660350.0,108.043,43.4,18.577,11.976,26777.561,0.5,278.296,7.55,26.8,34.8,,7.02,76.88,0.838
HUN,Europe,Hungary,2020-08-27,5288.0,73.0,40.857,614.0,0.0,0.714,547.392,7.557,4.229,63.559,0.0,0.074,7.0,0.725,78.0,8.074,,,,,408799.0,3732.0,42.317,0.386,2674.0,0.277,65.44800000000001,0.015,tests performed,49.07,9660350.0,108.043,43.4,18.577,11.976,26777.561,0.5,278.296,7.55,26.8,34.8,,7.02,76.88,0.838
HUN,Europe,Hungary,2020-08-28,5379.0,91.0,47.571,614.0,0.0,0.714,556.812,9.42,4.924,63.559,0.0,0.074,,,,,,,,,414645.0,5846.0,42.922,0.605,3031.0,0.314,63.715,0.016,tests performed,49.07,9660350.0,108.043,43.4,18.577,11.976,26777.561,0.5,278.296,7.55,26.8,34.8,,7.02,76.88,0.838
HUN,Europe,Hungary,2020-08-29,5511.0,132.0,59.0,614.0,0.0,0.429,570.476,13.664,6.107,63.559,0.0,0.044,7.0,0.725,90.0,9.316,,,,,417890.0,3245.0,43.258,0.336,3283.0,0.34,55.644,0.018000000000000002,tests performed,49.07,9660350.0,108.043,43.4,18.577,11.976,26777.561,0.5,278.296,7.55,26.8,34.8,,7.02,76.88,0.838
HUN,Europe,Hungary,2020-08-30,5669.0,158.0,76.571,614.0,0.0,0.429,586.832,16.356,7.926,63.559,0.0,0.044,7.0,0.725,90.0,9.316,,,,,424270.0,6380.0,43.919,0.66,3883.0,0.402,50.711000000000006,0.02,tests performed,49.07,9660350.0,108.043,43.4,18.577,11.976,26777.561,0.5,278.296,7.55,26.8,34.8,,7.02,76.88,0.838
HUN,Europe,Hungary,2020-08-31,5961.0,292.0,115.143,614.0,0.0,0.143,617.058,30.227,11.919,63.559,0.0,0.015,7.0,0.725,103.0,10.662,,,,,428150.0,3880.0,44.32,0.402,4229.0,0.438,36.728,0.027000000000000003,tests performed,49.07,9660350.0,108.043,43.4,18.577,11.976,26777.561,0.5,278.296,7.55,26.8,34.8,,7.02,76.88,0.838
HUN,Europe,Hungary,2020-09-01,6139.0,178.0,135.429,615.0,1.0,0.286,635.484,18.426,14.019,63.662,0.104,0.03,7.0,0.725,96.0,9.937999999999999,,,,,429942.0,1792.0,44.506,0.186,4214.0,0.436,31.116,0.032,tests performed,51.85,9660350.0,108.043,43.4,18.577,11.976,26777.561,0.5,278.296,7.55,26.8,34.8,,7.02,76.88,0.838
HUN,Europe,Hungary,2020-09-02,6257.0,118.0,148.857,616.0,1.0,0.286,647.699,12.215,15.409,63.766,0.104,0.03,7.0,0.725,98.0,10.145,,,,,437531.0,7589.0,45.291,0.786,4638.0,0.48,31.156999999999996,0.032,tests performed,51.85,9660350.0,108.043,43.4,18.577,11.976,26777.561,0.5,278.296,7.55,26.8,34.8,,7.02,76.88,0.838
HUN,Europe,Hungary,2020-09-03,6622.0,365.0,190.571,619.0,3.0,0.714,685.482,37.783,19.727,64.076,0.311,0.074,7.0,0.725,100.0,10.352,,,,,445047.0,7516.0,46.069,0.778,5178.0,0.536,27.171,0.037000000000000005,tests performed,51.85,9660350.0,108.043,43.4,18.577,11.976,26777.561,0.5,278.296,7.55,26.8,34.8,,7.02,76.88,0.838
HUN,Europe,Hungary,2020-09-04,6923.0,301.0,220.571,620.0,1.0,0.857,716.641,31.158,22.833,64.18,0.104,0.089,8.0,0.828,120.0,12.422,,,,,452138.0,7091.0,46.803,0.734,5356.0,0.554,24.281999999999996,0.040999999999999995,tests performed,51.85,9660350.0,108.043,43.4,18.577,11.976,26777.561,0.5,278.296,7.55,26.8,34.8,,7.02,76.88,0.838
HUN,Europe,Hungary,2020-09-05,7382.0,459.0,267.286,621.0,1.0,1.0,764.155,47.514,27.668,64.283,0.104,0.104,9.0,0.932,139.0,14.389000000000001,,,,,460235.0,8097.0,47.642,0.838,6049.0,0.626,22.631,0.044000000000000004,tests performed,51.85,9660350.0,108.043,43.4,18.577,11.976,26777.561,0.5,278.296,7.55,26.8,34.8,,7.02,76.88,0.838
HUN,Europe,Hungary,2020-09-06,7892.0,510.0,317.571,624.0,3.0,1.429,816.948,52.793,32.874,64.594,0.311,0.148,11.0,1.139,151.0,15.630999999999998,,,,,470000.0,9765.0,48.652,1.011,6533.0,0.676,20.572,0.049,tests performed,51.85,9660350.0,108.043,43.4,18.577,11.976,26777.561,0.5,278.296,7.55,26.8,34.8,,7.02,76.88,0.838
HUN,Europe,Hungary,2020-09-07,8387.0,495.0,346.571,624.0,0.0,1.429,868.188,51.24,35.876,64.594,0.0,0.148,11.0,1.139,164.0,16.977,,,,,481424.0,11424.0,49.835,1.183,7611.0,0.788,21.961,0.046,tests performed,51.85,9660350.0,108.043,43.4,18.577,11.976,26777.561,0.5,278.296,7.55,26.8,34.8,,7.02,76.88,0.838
HUN,Europe,Hungary,2020-09-08,8963.0,576.0,403.429,625.0,1.0,1.429,927.813,59.625,41.761,64.697,0.104,0.148,12.0,1.242,192.0,19.875,,,,,487146.0,5722.0,50.427,0.592,8172.0,0.846,20.256,0.049,tests performed,51.85,9660350.0,108.043,43.4,18.577,11.976,26777.561,0.5,278.296,7.55,26.8,34.8,,7.02,76.88,0.838
HUN,Europe,Hungary,2020-09-09,9304.0,341.0,435.286,626.0,1.0,1.429,963.112,35.299,45.059,64.801,0.104,0.148,13.0,1.3459999999999999,221.0,22.877,,,,,495481.0,8335.0,51.29,0.863,8279.0,0.857,19.02,0.053,tests performed,51.85,9660350.0,108.043,43.4,18.577,11.976,26777.561,0.5,278.296,7.55,26.8,34.8,,7.02,76.88,0.838
HUN,Europe,Hungary,2020-09-10,9715.0,411.0,441.857,628.0,2.0,1.286,1005.657,42.545,45.739,65.008,0.207,0.133,11.0,1.139,234.0,24.223000000000003,,,,,505585.0,10104.0,52.336,1.046,8648.0,0.895,19.572,0.051,tests performed,51.85,9660350.0,108.043,43.4,18.577,11.976,26777.561,0.5,278.296,7.55,26.8,34.8,,7.02,76.88,0.838
HUN,Europe,Hungary,2020-09-11,10191.0,476.0,466.857,630.0,2.0,1.429,1054.931,49.274,48.327,65.215,0.207,0.148,12.0,1.242,259.0,26.811,,,,,517222.0,11637.0,53.541,1.205,9298.0,0.962,19.916,0.05,tests performed,40.74,9660350.0,108.043,43.4,18.577,11.976,26777.561,0.5,278.296,7.55,26.8,34.8,,7.02,76.88,0.838
HUN,Europe,Hungary,2020-09-12,10909.0,718.0,503.857,631.0,1.0,1.429,1129.255,74.324,52.157,65.319,0.104,0.148,15.0,1.5530000000000002,282.0,29.191,,,,,529063.0,11841.0,54.766,1.226,9833.0,1.018,19.515,0.051,tests performed,40.74,9660350.0,108.043,43.4,18.577,11.976,26777.561,0.5,278.296,7.55,26.8,34.8,,7.02,76.88,0.838
HUN,Europe,Hungary,2020-09-13,11825.0,916.0,561.857,633.0,2.0,1.286,1224.076,94.821,58.161,65.526,0.207,0.133,16.0,1.656,282.0,29.191,,,,,537897.0,8834.0,55.681,0.914,9700.0,1.004,17.264,0.057999999999999996,tests performed,40.74,9660350.0,108.043,43.4,18.577,11.976,26777.561,0.5,278.296,7.55,26.8,34.8,,7.02,76.88,0.838
HUN,Europe,Hungary,2020-09-14,12309.0,484.0,560.286,637.0,4.0,1.857,1274.177,50.102,57.998,65.94,0.414,0.192,16.0,1.656,287.0,29.709,,,,,549211.0,11314.0,56.852,1.171,9684.0,1.002,17.284000000000002,0.057999999999999996,tests performed,40.74,9660350.0,108.043,43.4,18.577,11.976,26777.561,0.5,278.296,7.55,26.8,34.8,,7.02,76.88,0.838
HUN,Europe,Hungary,2020-09-15,13153.0,844.0,598.571,642.0,5.0,2.429,1361.545,87.367,61.962,66.457,0.518,0.251,17.0,1.76,306.0,31.676,,,,,557864.0,8653.0,57.748,0.896,10103.0,1.046,16.879,0.059000000000000004,tests performed,40.74,9660350.0,108.043,43.4,18.577,11.976,26777.561,0.5,278.296,7.55,26.8,34.8,,7.02,76.88,0.838
HUN,Europe,Hungary,2020-09-16,14460.0,1307.0,736.571,654.0,12.0,4.0,1496.84,135.295,76.247,67.699,1.242,0.414,18.0,1.8630000000000002,324.0,33.539,,,,,567691.0,9827.0,58.765,1.017,10316.0,1.068,14.005,0.071,tests performed,40.74,9660350.0,108.043,43.4,18.577,11.976,26777.561,0.5,278.296,7.55,26.8,34.8,,7.02,76.88,0.838
HUN,Europe,Hungary,2020-09-17,15170.0,710.0,779.286,663.0,9.0,5.0,1570.336,73.496,80.668,68.631,0.932,0.518,21.0,2.174,328.0,33.953,,,,,580072.0,12381.0,60.047,1.282,10641.0,1.102,13.655,0.073,tests performed,40.74,9660350.0,108.043,43.4,18.577,11.976,26777.561,0.5,278.296,7.55,26.8,34.8,,7.02,76.88,0.838
HUN,Europe,Hungary,2020-09-18,16111.0,941.0,845.714,669.0,6.0,5.571,1667.745,97.408,87.545,69.252,0.621,0.577,29.0,3.002,374.0,38.715,,,,,591618.0,11546.0,61.242,1.195,10628.0,1.1,12.567,0.08,tests performed,40.74,9660350.0,108.043,43.4,18.577,11.976,26777.561,0.5,278.296,7.55,26.8,34.8,,7.02,76.88,0.838
HUN,Europe,Hungary,2020-09-19,16920.0,809.0,858.714,675.0,6.0,6.286,1751.489,83.744,88.891,69.873,0.621,0.651,30.0,3.105,386.0,39.957,,,,,604122.0,12504.0,62.536,1.294,10723.0,1.11,12.487,0.08,tests performed,40.74,9660350.0,108.043,43.4,18.577,11.976,26777.561,0.5,278.296,7.55,26.8,34.8,,7.02,76.88,0.838
HUN,Europe,Hungary,2020-09-20,17990.0,1070.0,880.714,683.0,8.0,7.143,1862.251,110.762,91.168,70.701,0.828,0.739,32.0,3.313,404.0,41.82,,,,,615999.0,11877.0,63.766,1.229,11157.0,1.155,12.668,0.079,tests performed,40.74,9660350.0,108.043,43.4,18.577,11.976,26777.561,0.5,278.296,7.55,26.8,34.8,,7.02,76.88,0.838
HUN,Europe,Hungary,2020-09-21,18866.0,876.0,936.714,686.0,3.0,7.0,1952.931,90.68,96.965,71.012,0.311,0.725,35.0,3.623,463.0,47.928000000000004,,,,,626021.0,10022.0,64.803,1.037,10973.0,1.136,11.714,0.085,tests performed,40.74,9660350.0,108.043,43.4,18.577,11.976,26777.561,0.5,278.296,7.55,26.8,34.8,,7.02,76.88,0.838
HUN,Europe,Hungary,2020-09-22,19499.0,633.0,906.571,694.0,8.0,7.429,2018.457,65.526,93.845,71.84,0.828,0.769,36.0,3.727,534.0,55.278,,,,,632031.0,6010.0,65.425,0.622,10595.0,1.097,11.687000000000001,0.086,tests performed,40.74,9660350.0,108.043,43.4,18.577,11.976,26777.561,0.5,278.296,7.55,26.8,34.8,,7.02,76.88,0.838
HUN,Europe,Hungary,2020-09-23,20450.0,951.0,855.714,702.0,8.0,6.857,2116.901,98.444,88.58,72.668,0.828,0.71,35.0,3.623,558.0,57.762,,,,,645492.0,13461.0,66.819,1.393,11114.0,1.15,12.988,0.077,tests performed,40.74,9660350.0,108.043,43.4,18.577,11.976,26777.561,0.5,278.296,7.55,26.8,34.8,,7.02,76.88,0.838
HUN,Europe,Hungary,2020-09-24,21200.0,750.0,861.429,709.0,7.0,6.571,2194.537,77.637,89.172,73.393,0.725,0.68,32.0,3.313,549.0,56.83,,,,,657437.0,11945.0,68.055,1.236,11052.0,1.144,12.83,0.078,tests performed,40.74,9660350.0,108.043,43.4,18.577,11.976,26777.561,0.5,278.296,7.55,26.8,34.8,,7.02,76.88,0.838
HUN,Europe,Hungary,2020-09-25,22127.0,927.0,859.429,718.0,9.0,7.0,2290.497,95.959,88.965,74.324,0.932,0.725,30.0,3.105,577.0,59.729,,,,,668553.0,11116.0,69.206,1.151,10991.0,1.138,12.789000000000001,0.078,tests performed,40.74,9660350.0,108.043,43.4,18.577,11.976,26777.561,0.5,278.296,7.55,26.8,34.8,,7.02,76.88,0.838
HUN,Europe,Hungary,2020-09-26,23077.0,950.0,879.571,730.0,12.0,7.857,2388.837,98.34,91.05,75.567,1.242,0.813,36.0,3.727,589.0,60.971000000000004,,,,,680335.0,11782.0,70.426,1.22,10888.0,1.127,12.379000000000001,0.081,tests performed,40.74,9660350.0,108.043,43.4,18.577,11.976,26777.561,0.5,278.296,7.55,26.8,34.8,,7.02,76.88,0.838
HUN,Europe,Hungary,2020-09-27,24014.0,937.0,860.571,736.0,6.0,7.571,2485.831,96.994,89.083,76.188,0.621,0.784,38.0,3.9339999999999997,620.0,64.18,,,,,690408.0,10073.0,71.468,1.043,10630.0,1.1,12.352,0.081,tests performed,40.74,9660350.0,108.043,43.4,18.577,11.976,26777.561,0.5,278.296,7.55,26.8,34.8,,7.02,76.88,0.838
HUN,Europe,Hungary,2020-09-28,24716.0,702.0,835.714,749.0,13.0,9.0,2558.499,72.668,86.51,77.533,1.346,0.932,44.0,4.555,693.0,71.737,,,,,697473.0,7065.0,72.2,0.731,10207.0,1.057,12.214,0.08199999999999999,tests performed,40.74,9660350.0,108.043,43.4,18.577,11.976,26777.561,0.5,278.296,7.55,26.8,34.8,,7.02,76.88,0.838
HUN,Europe,Hungary,2020-09-29,25567.0,851.0,866.857,757.0,8.0,9.0,2646.591,88.092,89.734,78.362,0.828,0.932,51.0,5.279,755.0,78.155,,,,,704510.0,7037.0,72.928,0.728,10354.0,1.072,11.944,0.084,tests performed,40.74,9660350.0,108.043,43.4,18.577,11.976,26777.561,0.5,278.296,7.55,26.8,34.8,,7.02,76.88,0.838
HUN,Europe,Hungary,2020-09-30,26461.0,894.0,858.714,765.0,8.0,9.0,2739.135,92.543,88.891,79.19,0.828,0.932,54.0,5.59,773.0,80.018,,,,,715677.0,11167.0,74.084,1.156,10026.0,1.038,11.675999999999998,0.086,tests performed,40.74,9660350.0,108.043,43.4,18.577,11.976,26777.561,0.5,278.296,7.55,26.8,34.8,,7.02,76.88,0.838
HUN,Europe,Hungary,2020-10-01,27309.0,848.0,872.714,781.0,16.0,10.286,2826.916,87.781,90.34,80.846,1.656,1.065,52.0,5.382999999999999,757.0,78.362,,,,,727649.0,11972.0,75.323,1.239,10030.0,1.038,11.493,0.087,tests performed,40.74,9660350.0,108.043,43.4,18.577,11.976,26777.561,0.5,278.296,7.55,26.8,34.8,,7.02,76.88,0.838
HUN,Europe,Hungary,2020-10-02,28631.0,1322.0,929.143,798.0,17.0,11.429,2963.764,136.848,96.181,82.606,1.76,1.183,47.0,4.865,740.0,76.602,,,,,740043.0,12394.0,76.606,1.283,10213.0,1.057,10.992,0.091,tests performed,40.74,9660350.0,108.043,43.4,18.577,11.976,26777.561,0.5,278.296,7.55,26.8,34.8,,7.02,76.88,0.838
HUN,Europe,Hungary,2020-10-03,29717.0,1086.0,948.571,812.0,14.0,11.714,3076.183,112.418,98.192,84.055,1.449,1.213,43.0,4.4510000000000005,704.0,72.875,,,,,751217.0,11174.0,77.763,1.157,10126.0,1.048,10.675,0.094,tests performed,40.74,9660350.0,108.043,43.4,18.577,11.976,26777.561,0.5,278.296,7.55,26.8,34.8,,7.02,76.88,0.838
HUN,Europe,Hungary,2020-10-04,30575.0,858.0,937.286,822.0,10.0,12.286,3164.999,88.817,97.024,85.09,1.035,1.272,42.0,4.348,685.0,70.908,,,,,759174.0,7957.0,78.587,0.824,9824.0,1.017,10.481,0.095,tests performed,40.74,9660350.0,108.043,43.4,18.577,11.976,26777.561,0.5,278.296,7.55,26.8,34.8,,7.02,76.88,0.838
HUN,Europe,Hungary,2020-10-05,31480.0,905.0,966.286,833.0,11.0,12.0,3258.681,93.682,100.026,86.229,1.139,1.242,40.0,4.141,649.0,67.182,,,,,765598.0,6424.0,79.252,0.665,9732.0,1.007,10.072000000000001,0.099,tests performed,40.74,9660350.0,108.043,43.4,18.577,11.976,26777.561,0.5,278.296,7.55,26.8,34.8,,7.02,76.88,0.838
HUN,Europe,Hungary,2020-10-06,32298.0,818.0,961.571,853.0,20.0,13.714,3343.357,84.676,99.538,88.299,2.07,1.42,37.0,3.83,627.0,64.904,,,,,771297.0,5699.0,79.842,0.59,9541.0,0.988,9.922,0.10099999999999999,tests performed,40.74,9660350.0,108.043,43.4,18.577,11.976,26777.561,0.5,278.296,7.55,26.8,34.8,,7.02,76.88,0.838
HUN,Europe,Hungary,2020-10-07,33114.0,816.0,950.429,877.0,24.0,16.0,3427.826,84.469,98.384,90.783,2.484,1.656,41.0,4.244,656.0,67.906,,,,,781023.0,9726.0,80.848,1.007,9335.0,0.966,9.822000000000001,0.102,tests performed,40.74,9660350.0,108.043,43.4,18.577,11.976,26777.561,0.5,278.296,7.55,26.8,34.8,,7.02,76.88,0.838
HUN,Europe,Hungary,2020-10-08,34046.0,932.0,962.429,898.0,21.0,16.714,3524.303,96.477,99.627,92.957,2.174,1.73,56.0,5.797000000000001,804.0,83.227,,,,,792485.0,11462.0,82.035,1.186,9262.0,0.959,9.624,0.10400000000000001,tests performed,40.74,9660350.0,108.043,43.4,18.577,11.976,26777.561,0.5,278.296,7.55,26.8,34.8,,7.02,76.88,0.838
HUN,Europe,Hungary,2020-10-09,35222.0,1176.0,941.571,913.0,15.0,16.429,3646.038,121.735,97.468,94.51,1.553,1.701,82.0,8.488,993.0,102.791,,,,,803648.0,11163.0,83.19,1.156,9086.0,0.941,9.65,0.10400000000000001,tests performed,40.74,9660350.0,108.043,43.4,18.577,11.976,26777.561,0.5,278.296,7.55,26.8,34.8,,7.02,76.88,0.838
HUN,Europe,Hungary,2020-10-10,36596.0,1374.0,982.714,933.0,20.0,17.286,3788.269,142.231,101.727,96.58,2.07,1.789,110.0,11.387,1174.0,121.52799999999999,,,,,815367.0,11719.0,84.403,1.213,9164.0,0.949,9.325,0.107,tests performed,40.74,9660350.0,108.043,43.4,18.577,11.976,26777.561,0.5,278.296,7.55,26.8,34.8,,7.02,76.88,0.838
HUN,Europe,Hungary,2020-10-11,37664.0,1068.0,1012.714,954.0,21.0,18.857,3898.824,110.555,104.832,98.754,2.174,1.952,138.0,14.285,1252.0,129.602,,,,,825570.0,10203.0,85.46,1.056,9485.0,0.982,9.366,0.107,tests performed,40.74,9660350.0,108.043,43.4,18.577,11.976,26777.561,0.5,278.296,7.55,26.8,34.8,,7.02,76.88,0.838
HUN,Europe,Hungary,2020-10-12,38577.0,913.0,1013.857,968.0,14.0,19.286,3993.334,94.51,104.95,100.203,1.449,1.996,154.0,15.940999999999999,1418.0,146.786,,,,,834097.0,8527.0,86.342,0.883,9786.0,1.013,9.652000000000001,0.10400000000000001,tests performed,40.74,9660350.0,108.043,43.4,18.577,11.976,26777.561,0.5,278.296,7.55,26.8,34.8,,7.02,76.88,0.838
HUN,Europe,Hungary,2020-10-13,39862.0,1285.0,1080.571,996.0,28.0,20.429,4126.352,133.018,111.856,103.102,2.898,2.115,160.0,16.563,1519.0,157.241,,,,,841220.0,7123.0,87.08,0.737,9989.0,1.034,9.244,0.10800000000000001,tests performed,40.74,9660350.0,108.043,43.4,18.577,11.976,26777.561,0.5,278.296,7.55,26.8,34.8,,7.02,76.88,0.838
HUN,Europe,Hungary,2020-10-14,40782.0,920.0,1095.429,1023.0,27.0,20.857,4221.586,95.235,113.394,105.897,2.795,2.159,156.0,16.148,1538.0,159.207,,,,,850878.0,9658.0,88.079,1.0,9979.0,1.033,9.11,0.11,tests performed,40.74,9660350.0,108.043,43.4,18.577,11.976,26777.561,0.5,278.296,7.55,26.8,34.8,,7.02,76.88,0.838
HUN,Europe,Hungary,2020-10-15,41732.0,950.0,1098.0,1052.0,29.0,22.0,4319.926,98.34,113.66,108.899,3.002,2.277,167.0,17.287,1555.0,160.967,,,,,861620.0,10742.0,89.191,1.112,9876.0,1.022,8.995,0.111,tests performed,40.74,9660350.0,108.043,43.4,18.577,11.976,26777.561,0.5,278.296,7.55,26.8,34.8,,7.02,76.88,0.838
HUN,Europe,Hungary,2020-10-16,43025.0,1293.0,1114.714,1085.0,33.0,24.571,4453.772,133.846,115.391,112.315,3.416,2.544,171.0,17.701,1642.0,169.97299999999998,,,,,871417.0,9797.0,90.206,1.014,9681.0,1.002,8.685,0.115,tests performed,40.74,9660350.0,108.043,43.4,18.577,11.976,26777.561,0.5,278.296,7.55,26.8,34.8,,7.02,76.88,0.838
HUN,Europe,Hungary,2020-10-17,44816.0,1791.0,1174.286,1109.0,24.0,25.143,4639.169,185.397,121.557,114.799,2.484,2.603,185.0,19.15,1693.0,175.252,,,,,884388.0,12971.0,91.548,1.343,9860.0,1.021,8.397,0.11900000000000001,tests performed,40.74,9660350.0,108.043,43.4,18.577,11.976,26777.561,0.5,278.296,7.55,26.8,34.8,,7.02,76.88,0.838
HUN,Europe,Hungary,2020-10-18,46290.0,1474.0,1232.286,1142.0,33.0,26.857,4791.752,152.582,127.561,118.215,3.416,2.78,179.0,18.529,1712.0,177.21900000000002,,,,,894385.0,9997.0,92.583,1.035,9831.0,1.018,7.978,0.125,tests performed,40.74,9660350.0,108.043,43.4,18.577,11.976,26777.561,0.5,278.296,7.55,26.8,34.8,,7.02,76.88,0.838
HUN,Europe,Hungary,2020-10-19,47768.0,1478.0,1313.0,1173.0,31.0,29.286,4944.748,152.997,135.916,121.424,3.209,3.032,188.0,19.461,1896.0,196.266,,,,,904036.0,9651.0,93.582,0.999,9991.0,1.034,7.609,0.131,tests performed,40.74,9660350.0,108.043,43.4,18.577,11.976,26777.561,0.5,278.296,7.55,26.8,34.8,,7.02,76.88,0.838
HUN,Europe,Hungary,2020-10-20,48757.0,989.0,1270.714,1211.0,38.0,30.714,5047.126,102.377,131.539,125.358,3.934,3.179,197.0,20.393,1960.0,202.891,,,,,910368.0,6332.0,94.238,0.655,9878.0,1.023,7.774,0.129,tests performed,40.74,9660350.0,108.043,43.4,18.577,11.976,26777.561,0.5,278.296,7.55,26.8,34.8,,7.02,76.88,0.838
HUN,Europe,Hungary,2020-10-21,50180.0,1423.0,1342.571,1259.0,48.0,33.714,5194.429,147.303,138.978,130.327,4.969,3.49,201.0,20.807,2023.0,209.41299999999998,,,,,919481.0,9113.0,95.181,0.943,9800.0,1.014,7.2989999999999995,0.13699999999999998,tests performed,40.74,9660350.0,108.043,43.4,18.577,11.976,26777.561,0.5,278.296,7.55,26.8,34.8,,7.02,76.88,0.838
HUN,Europe,Hungary,2020-10-22,52212.0,2032.0,1497.143,1305.0,46.0,36.143,5404.773,210.344,154.978,135.088,4.762,3.741,197.0,20.393,2132.0,220.696,,,,,935842.0,16361.0,96.875,1.694,10603.0,1.098,7.082000000000001,0.141,tests performed,40.74,9660350.0,108.043,43.4,18.577,11.976,26777.561,0.5,278.296,7.55,26.8,34.8,,7.02,76.88,0.838
HUN,Europe,Hungary,2020-10-23,54278.0,2066.0,1607.571,1352.0,47.0,38.143,5618.637,213.864,166.409,139.954,4.865,3.948,200.0,20.703000000000003,2209.0,228.667,,,,,949470.0,13628.0,98.285,1.411,11150.0,1.154,6.936,0.14400000000000002,tests performed,40.74,9660350.0,108.043,43.4,18.577,11.976,26777.561,0.5,278.296,7.55,26.8,34.8,,7.02,76.88,0.838
HUN,Europe,Hungary,2020-10-24,56098.0,1820.0,1611.714,1390.0,38.0,40.143,5807.036,188.399,166.838,143.887,3.934,4.155,205.0,21.221,2245.0,232.393,,,,,961441.0,11971.0,99.524,1.239,11008.0,1.14,6.83,0.146,tests performed,40.74,9660350.0,108.043,43.4,18.577,11.976,26777.561,0.5,278.296,7.55,26.8,34.8,,7.02,76.88,0.838
HUN,Europe,Hungary,2020-10-25,59247.0,3149.0,1851.0,1425.0,35.0,40.429,6133.008,325.972,191.608,147.51,3.623,4.185,221.0,22.877,2449.0,253.51,,,,,980373.0,18932.0,101.484,1.96,12284.0,1.272,6.636,0.151,tests performed,40.74,9660350.0,108.043,43.4,18.577,11.976,26777.561,0.5,278.296,7.55,26.8,34.8,,7.02,76.88,0.838
HUN,Europe,Hungary,2020-10-26,61563.0,2316.0,1970.714,1472.0,47.0,42.714,6372.75,239.743,204.0,152.375,4.865,4.422,233.0,24.119,2602.0,269.348,,,,,990383.0,10010.0,102.52,1.036,12335.0,1.277,6.2589999999999995,0.16,tests performed,40.74,9660350.0,108.043,43.4,18.577,11.976,26777.561,0.5,278.296,7.55,26.8,34.8,,7.02,76.88,0.838
HUN,Europe,Hungary,2020-10-27,63642.0,2079.0,2126.429,1535.0,63.0,46.286,6587.96,215.21,220.119,158.897,6.522,4.791,243.0,25.154,2891.0,299.265,,,,,1002093.0,11710.0,103.733,1.212,13104.0,1.356,6.162000000000001,0.162,tests performed,40.74,9660350.0,108.043,43.4,18.577,11.976,26777.561,0.5,278.296,7.55,26.8,34.8,,7.02,76.88,0.838
HUN,Europe,Hungary,2020-10-28,65933.0,2291.0,2250.429,1578.0,43.0,45.571,6825.115,237.155,232.955,163.348,4.451,4.717,263.0,27.225,3166.0,327.731,,,,,1017689.0,15596.0,105.347,1.614,14030.0,1.452,6.234,0.16,tests performed,40.74,9660350.0,108.043,43.4,18.577,11.976,26777.561,0.5,278.296,7.55,26.8,34.8,,7.02,76.88,0.838
HUN,Europe,Hungary,2020-10-29,68127.0,2194.0,2273.571,1634.0,56.0,47.0,7052.229,227.114,235.351,169.145,5.797,4.865,255.0,26.397,3197.0,330.94,,,,,1032942.0,15253.0,106.926,1.579,13871.0,1.436,6.101,0.16399999999999998,tests performed,40.74,9660350.0,108.043,43.4,18.577,11.976,26777.561,0.5,278.296,7.55,26.8,34.8,,7.02,76.88,0.838
HUN,Europe,Hungary,2020-10-30,71413.0,3286.0,2447.857,1699.0,65.0,49.571,7392.382,340.153,253.392,175.874,6.729,5.131,267.0,27.639,3753.0,388.495,,,,,1048580.0,15638.0,108.545,1.619,14159.0,1.466,5.784,0.17300000000000001,tests performed,40.74,9660350.0,108.043,43.4,18.577,11.976,26777.561,0.5,278.296,7.55,26.8,34.8,,7.02,76.88,0.838
HUN,Europe,Hungary,2020-10-31,75321.0,3908.0,2746.143,1750.0,51.0,51.429,7796.922,404.54,284.269,181.153,5.279,5.324,281.0,29.088,4048.0,419.032,,,,,1065143.0,16563.0,110.259,1.715,14815.0,1.534,5.395,0.185,tests performed,40.74,9660350.0,108.043,43.4,18.577,11.976,26777.561,0.5,278.296,7.55,26.8,34.8,,7.02,76.88,0.838
HUN,Europe,Hungary,2020-11-01,79199.0,3878.0,2850.286,1819.0,69.0,56.286,8198.357,401.435,295.05,188.295,7.143,5.826,306.0,31.676,4205.0,435.284,,,,,1083743.0,18600.0,112.185,1.925,14767.0,1.529,5.181,0.193,tests performed,40.74,9660350.0,108.043,43.4,18.577,11.976,26777.561,0.5,278.296,7.55,26.8,34.8,,7.02,76.88,0.838
HUN,Europe,Hungary,2020-11-02,82780.0,3581.0,3031.0,1889.0,70.0,59.571,8569.048,370.691,313.757,195.542,7.246,6.167,,,,,,,,,1097371.0,13628.0,113.595,1.411,15284.0,1.582,5.043,0.198,tests performed,40.74,9660350.0,108.043,43.4,18.577,11.976,26777.561,0.5,278.296,7.55,26.8,34.8,,7.02,76.88,0.838
HUN,Europe,Hungary,2020-11-03,86769.0,3989.0,3303.857,1973.0,84.0,62.571,8981.973,412.925,342.002,204.237,8.695,6.477,,,,,,,,,1111991.0,14620.0,115.109,1.513,15700.0,1.625,4.752,0.21,tests performed,50.0,9660350.0,108.043,43.4,18.577,11.976,26777.561,0.5,278.296,7.55,26.8,34.8,,7.02,76.88,0.838
HUN,Europe,Hungary,2020-11-04,90988.0,4219.0,3579.286,2063.0,90.0,69.286,9418.706,436.734,370.513,213.553,9.316,7.172,,,,,,,,,1129648.0,17657.0,116.937,1.828,15994.0,1.656,4.468,0.22399999999999998,tests performed,50.0,9660350.0,108.043,43.4,18.577,11.976,26777.561,0.5,278.296,7.55,26.8,34.8,,7.02,76.88,0.838
HUN,Europe,Hungary,2020-11-05,94916.0,3928.0,3827.0,2147.0,84.0,73.286,9825.317,406.611,396.155,222.249,8.695,7.586,,,,,,,,,1147616.0,17968.0,118.797,1.86,16382.0,1.696,4.281000000000001,0.23399999999999999,tests performed,57.41,9660350.0,108.043,43.4,18.577,11.976,26777.561,0.5,278.296,7.55,26.8,34.8,,7.02,76.88,0.838
HUN,Europe,Hungary,2020-11-06,99625.0,4709.0,4030.286,2250.0,103.0,78.714,10312.773,487.456,417.199,232.911,10.662,8.148,,,,,,,,,1167641.0,20025.0,120.869,2.073,17009.0,1.761,4.22,0.237,tests performed,57.41,9660350.0,108.043,43.4,18.577,11.976,26777.561,0.5,278.296,7.55,26.8,34.8,,7.02,76.88,0.838
HUN,Europe,Hungary,2020-11-07,104943.0,5318.0,4231.714,2357.0,107.0,86.714,10863.271,550.498,438.05,243.987,11.076,8.976,,,,,,,,,1189962.0,22321.0,123.18,2.311,17831.0,1.846,4.2139999999999995,0.237,tests performed,57.41,9660350.0,108.043,43.4,18.577,11.976,26777.561,0.5,278.296,7.55,26.8,34.8,,7.02,76.88,0.838
HUN,Europe,Hungary,2020-11-08,109616.0,4673.0,4345.286,2438.0,81.0,88.429,11347.001,483.73,449.806,252.372,8.385,9.154,,,,,,,,,1209151.0,19189.0,125.166,1.986,17915.0,1.854,4.123,0.243,tests performed,57.41,9660350.0,108.043,43.4,18.577,11.976,26777.561,0.5,278.296,7.55,26.8,34.8,,7.02,76.88,0.838
HUN,Europe,Hungary,2020-11-09,114778.0,5162.0,4571.143,2493.0,55.0,86.286,11881.35,534.349,473.186,258.065,5.693,8.932,,,,,,,,,1225399.0,16248.0,126.848,1.682,18290.0,1.893,4.001,0.25,tests performed,57.41,9660350.0,108.043,43.4,18.577,11.976,26777.561,0.5,278.296,7.55,26.8,34.8,,7.02,76.88,0.838
HUN,Europe,Hungary,2020-11-10,118918.0,4140.0,4592.714,2596.0,103.0,89.0,12309.906,428.556,475.419,268.727,10.662,9.213,,,,,,,,,,,,,,,,,,,9660350.0,108.043,43.4,18.577,11.976,26777.561,0.5,278.296,7.55,26.8,34.8,,7.02,76.88,0.838
HUN,Europe,Hungary,2020-11-11,122863.0,3945.0,4553.571,2697.0,101.0,90.571,12718.276,408.37,471.367,279.182,10.455,9.376,,,,,,,,,,,,,,,,,,,9660350.0,108.043,43.4,18.577,11.976,26777.561,0.5,278.296,7.55,26.8,34.8,,7.02,76.88,0.838
